Opportunity__c,External_ID__c,Start_Date__c,End_Date__c,Gross_Cost__c,Buy_Name_txt__c,Imputing_Margin_or_Net__c,RecordTypeId,Buy_Volume__c,Media_Net_Cost__c,Input_Mode__c,Opp_Buy_Description__c,Rate__c,Buy_Type__c,Frequency_Cap__c,Frequency_Scope__c,Special_Product__c,Target_Age_Freeform_Entry__c,Target_Gender__c
0063100000fJjArAAK,Netherlands: 20160098,"Feb 15, 2016","Feb 28, 2016",12147.34,OLV Ecosport-Februari_2016,Net Cost (Calc Margin),012i0000001EB0nAAG,899803,0,Externally Managed,,13.5,CPM,3,Per campaign,Video - Preroll 20s,25-45,
0063100000fJjCVAA0,Netherlands: 20160159,"Mar 20, 2016","Mar 27, 2016",9645.9,Doelgroep kan niet verbreed worden en looptijd kan niet langer.,Net Cost (Calc Margin),012i0000001EB0nAAG,714511,0,Externally Managed,,13.5,CPM,3,Per campaign,Video - Preroll 20s,25-35,
0063100000fJjASAA0,Netherlands: 20150780,"Nov 18, 2015","Mar 6, 2016",9660.5,Frank -> briefing Suzanne. Retargeting preroll non-viewers.,Net Cost (Calc Margin),012i0000001EB0nAAG,690036,0,Externally Managed,,14,CPM,2,Per campaign,Xaxis Display,18-34,
0063100000fJjCiAAK,Netherlands: 20160123,"Mar 7, 2016","Mar 27, 2016",1720.72,MAX-128395-2016-0061 -- VARILUX,Net Cost (Calc Margin),012i0000001EB0nAAG,127461,0,Externally Managed,,13.5,CPM,3,Per campaign,Video - Preroll 20s,50+,
0063100000fJjA6AAK,Netherlands: 20160051,"Feb 8, 2016","Feb 28, 2016",11615.24,Doelgroep is opgevraagd bij Boris door Martina,Net Cost (Calc Margin),012i0000001EB0nAAG,829660,0,Externally Managed,,14,CPM,3,Per campaign,Display - Frequency booster,20-50,Female
0063100000fJj9FAAS,Netherlands: 20160284,"Apr 28, 2016","May 18, 2016",10380.53,MAX-79995-2016-0210 -- Fiat Holiday edition,Net Cost (Calc Margin),012i0000001EB0nAAG,768928,0,Externally Managed,,13.5,CPM,3,Per campaign,Video - Preroll 20s,25-54,
0063100000fJjAaAAK,Netherlands: 20160125,"Apr 18, 2016","Apr 29, 2016",1201.2,Uitlevering desktop + tablet doelgroep vrouwen stad Utrecht (straal 15km),Net Cost (Calc Margin),012i0000001EB0nAAG,436800,0,Externally Managed,,2.75,CPM,7,Per campaign,Display - Standard,25-65,Female
0063100000fJj9rAAC,Netherlands: 20160049,"Jan 15, 2016","Feb 1, 2016",9227.32,Doelgroep is opgevraagd bij Boris door Martina,Net Cost (Calc Margin),012i0000001EB0nAAG,683505,0,Externally Managed,,13.5,CPM,3,Per campaign,Video - Preroll 20s,20-50,Female
0063100000fJjBeAAK,Netherlands: 20160117,"Mar 21, 2016","Apr 24, 2016",15000,2016.ETOS.LOYALTY.ONL-1.0,Net Cost (Calc Margin),012i0000001EB0nAAG,2500000,0,Externally Managed,"Targeting breed op vrouwen channels- denk bijvoorbeeld aan de segmenten lifestyle, nieuws en entertainment waar die vrouwenchannels zich in bevinden. Enkel in-app uitleveren. 07-04: De cap voor de HPA is aangepast van 5 per maand naar 3 per maand. Waarbij na het 3e contact retargetig plaats vindt vanuit de kleine formaten. 13-4: Campagneperiode is verlengd. Graag compensatie inboeken: 500.000 impressies.",6,CPM,3,Per campaign,Mobile - Halfpage ad,,Female
0063100000fJjAMAA0,Netherlands: 20160035,"Jan 1, 2016","Mar 31, 2016",59080,Turbine pixels op Volvo site plaatsen per type. Er volgt een lijst van Thomas. Gebruikers op landingspagina uitsluiten (clickers). : Autmotive,Net Cost (Calc Margin),012i0000001EB0nAAG,4220000,0,Externally Managed,,14,CPM,,,Display - Frequency booster,,
0063100000fJjAxAAK,Netherlands: 20160009,"Jan 11, 2016","Feb 7, 2016",28044.93,CX3 OLV Januari,Net Cost (Calc Margin),012i0000001EB0nAAG,2077402,0,Externally Managed,,13.5,CPM,3,Per campaign,Video - Preroll 20s,35-54,Male
0063100000fJjAGAA0,Netherlands: 20160413,"Jul 1, 2016","Aug 31, 2016",10000,"Doelgroep is man 20-70 en vrouw 29-49. Er moeten dus twee campagnes onder de Line Items opgezet worden. Impressies mogen 50/50 ingezet worden. : Family & Parenting, Home & Garden, Food&Drink_Barbecues & Grilling",Net Cost (Calc Margin),012i0000001EB0nAAG,740741,0,Externally Managed,,13.5,CPM,3,Per campaign,Video - Preroll 20s,,
0063100000fJjARAA0,Netherlands: 20150781,"Nov 18, 2015","Mar 6, 2016",4967.3,Frank -> briefing Suzanne. Retargeting high impact viewers,Net Cost (Calc Margin),012i0000001EB0nAAG,1806290,0,Externally Managed,,2.75,CPM,3,Per campaign,Xaxis Display,18-34,
0063100000fJj9sAAC,Netherlands: 20160050,"Jan 15, 2016","Feb 1, 2016",11615.24,Doelgroep is opgevraagd bij Boris door Martina,Net Cost (Calc Margin),012i0000001EB0nAAG,829660,0,Externally Managed,,14,CPM,3,Per campaign,Display - Frequency booster,20-50,Female
0063100000fJjB6AAK,Netherlands: 20150807,"Nov 20, 2015","Jan 3, 2016",16100,Week 50 uitsluiten met eerste contacten bereiken. Enkel retargeting.,Net Cost (Calc Margin),012i0000001EB0nAAG,1400000,0,Externally Managed,,11.5,CPM,3,Per campaign,Xaxis TV,18-30,
0063100000fJjA3AAK,Netherlands: 20160482,"Sep 1, 2016","Sep 20, 2016",8999.98,MAX-99572-2016-0360 -- Karcher Multi Vac Display - Jul 2016,Net Cost (Calc Margin),012i0000001EB0nAAG,642856,0,Externally Managed,,14,CPM,3,Per campaign,Display - Frequency booster,30-54,Male
0063100000fJjBHAA0,Netherlands: 20160069,"Jan 25, 2016","Feb 14, 2016",8434.54,2016.Stage_BEAUTY_AND_THE BEAST_OLV.JAN/FEB,Net Cost (Calc Margin),012i0000001EB0nAAG,624781,0,Externally Managed,,13.5,CPM,3,Per campaign,Video - Preroll 20s,20-34,Female
0063100000fJjBpAAK,Netherlands: 20160014,"Jan 4, 2016","Jan 24, 2016",11657.75,2016.FC.MONA.01.AVMX-1.0,Net Cost (Calc Margin),012i0000001EB0nAAG,863537,0,Externally Managed,,13.5,CPM,3,Per campaign,Video - Preroll 20s,25-55,Female
0063100000fJjBuAAK,Netherlands: 20160002,"Jan 4, 2016","Feb 7, 2016",90613.25,70% van het aantal impressies uitleveren in contactbuckets 3-5. Retargeting pixels BC plaatsen.,Net Cost (Calc Margin),012i0000001EB0nAAG,6472375,0,Externally Managed,,14,CPM,,,Display - Frequency booster,20-34,Female
0063100000fJj9CAAS,Netherlands: 20160478,"Aug 28, 2016","Sep 20, 2016",1377,"Desktop en Tablet. Alleen live op zondag tussen 00:00 - 12:00 uur op basis van een cap van 3 per dag! : Arts&Entertainment_Music en Hobbies&Interests_Radio / Interest, Predicted Interest en Intent / High, Medium en Low",Net Cost (Calc Margin),012i0000001EB0nAAG,500727,0,Externally Managed,,2.75,CPM,3,Per campaign,Display - Standard,,
0063100000fJjAEAA0,Netherlands: 20160193,"May 2, 2016","May 22, 2016",11684.5,Doelgroep nagevraagd,Net Cost (Calc Margin),012i0000001EB0nAAG,834607,0,Externally Managed,,14,CPM,3,Per campaign,Display - Frequency booster,35-54,Male
0063100000fJjAqAAK,Netherlands: 20160022,"Jan 25, 2016","Feb 7, 2016",5751,Mustang Jan-Feb,Net Cost (Calc Margin),012i0000001EB0nAAG,383400,0,Externally Managed,,15,CPM,3,Per campaign,Video - Preroll 30s,25-35,
0063100000fJjCHAA0,Netherlands: 20160059,"Feb 15, 2016","Mar 6, 2016",26571.06,2016.BOL.KenW.AVM-1.0,Net Cost (Calc Margin),012i0000001EB0nAAG,1968227,0,Externally Managed,,13.5,CPM,3,Per campaign,Video - Preroll 20s,20-34,
0063100000fJjBnAAK,Netherlands: 20160008,"Jan 1, 2016","Jan 10, 2016",6342.26,Let op: cap hanteren van 1 per campagne (Project MEC van Esther en Frank).,Net Cost (Calc Margin),012i0000001EB0nAAG,469797,0,Externally Managed,,13.5,CPM,1,Per campaign,Video - Preroll 20s,25-55,Female
0063100000fJjAuAAK,Netherlands: 20160319,"May 23, 2016","Jun 12, 2016",19263.59,8-6: outstream toegevoegd,Net Cost (Calc Margin),012i0000001EB0nAAG,1284239,0,Externally Managed,,15,CPM,3,Per campaign,Video - Preroll 30s,25-45,
0063100000fJjCGAA0,Netherlands: 20160120,"Mar 11, 2016","Mar 23, 2016",2420,MAX-105454-2016-0053 -- BigBen - Hitman Launch - Feb-Oct,Net Cost (Calc Margin),012i0000001EB0nAAG,403333,0,Externally Managed,,6,CPM,3,Per campaign,Mobile - Halfpage ad,18-35,Male
0063100000fJj9AAAS,Netherlands: 20160380,"Jun 10, 2016","Jul 9, 2016",4250,MAX-132034-2016-0297 -- Byron Bay,Net Cost (Calc Margin),012i0000001EB0nAAG,340000,0,Externally Managed,"Combi Video pakket; 50% van de impressies op Desktop en 50% van de impressies op Mobile In-app. Voor beide devices een cap van 3 hanteren. Hoge druk op don/vrij/zat & lichte druk op zon-woe. (Sturing op weer, hogere druk op zonnige dagen.) 24-6: campagne tot 30-6 on hold, daarna max leveren",12.5,CPM,3,Per campaign,Video - Preroll 20s,20-40,Female
0063100000fJj9kAAC,Netherlands: 20160184,"Apr 4, 2016","May 3, 2016",6749.84,Activia Fusion AV Challenge,Net Cost (Calc Margin),012i0000001EB0nAAG,499988,0,Externally Managed,,13.5,CPM,3,Per campaign,Video - Preroll 20s,25-40,Female
0063100000fJjBMAA0,Netherlands: 20160381,"Jun 13, 2016","Jun 29, 2016",10316.63,Verlengd tot de 29e,Net Cost (Calc Margin),012i0000001EB0nAAG,764195,0,Externally Managed,,13.5,CPM,3,Per campaign,Video - Preroll 20s,25-54,Female
0063100000fJj9cAAC,Netherlands: 20160314,"May 17, 2016","Jun 5, 2016",3600,MAX-128858-2016-0227 -- Zalando OLV - NL-BE Wallonia - May June 2016 -SS16 flight 3,Net Cost (Calc Margin),012i0000001EB0nAAG,180000,0,Externally Managed,Gelijkmatige uitlevering van de impressies over de dagen. De hosting van de video vindt plaats in het Xaxis account. De trackers van Zalando worden verwerkt door GroupM Traffic tezamen met de trackers van Maxus-Helder.  Xaxis plaatst dan weer de trackers van GroupM in het Xaxis account zodat alle 3 de partijen mee kunnen meten.,20,CPM,3,Per campaign,Video - Preroll 20s,20-39,Female
0063100000fJjAhAAK,Netherlands: 20160347,"Jun 6, 2016","Jun 24, 2016",500,- desktop + tablet web,Net Cost (Calc Margin),012i0000001EB0nAAG,181818,0,Externally Managed,,2.75,CPM,5,Per campaign,Display - Standard,25-55,
0063100000fJjC5AAK,Netherlands: 20160155,"Mar 7, 2016","Mar 20, 2016",4320,Geenstijl en Dumper excluden.,Net Cost (Calc Margin),012i0000001EB0nAAG,320000,0,Externally Managed,,13.5,CPM,2,Per campaign,Video - Preroll 20s,20-34,Female
0063100000fJjB4AAK,Netherlands: 20160261,"May 9, 2016","Jun 6, 2016",16286.85,"25 sec video, 6-6: mag max 3 dagen verlengd worden",Net Cost (Calc Margin),012i0000001EB0nAAG,1085790,0,Externally Managed,,15,CPM,3,Per campaign,Video - Preroll 30s,20-39,Female
0063100000fJjBbAAK,Netherlands: 20160073,"Feb 22, 2016","Mar 5, 2016",15729.66,2016. OLV Etos prijs 3.0,Net Cost (Calc Margin),012i0000001EB0nAAG,1165160,0,Externally Managed,,13.5,CPM,3,Per campaign,Video - Preroll 20s,20-34,Female
0063100000fJjAiAAK,Netherlands: 20160328,"Jul 11, 2016","Jul 29, 2016",2749.75,Targeting: 40-65 jaar + provincies Groningen en Drenthe,Net Cost (Calc Margin),012i0000001EB0nAAG,999909,0,Externally Managed,,2.75,CPM,7,Per campaign,Display - Standard,40-65,
0063100000fJj9cAAC,Netherlands: 20160312,"May 17, 2016","Jun 5, 2016",3500,MAX-128858-2016-0227 -- Zalando OLV - NL-BE Wallonia - May June 2016 -SS16 flight 3,Net Cost (Calc Margin),012i0000001EB0nAAG,140000,0,Externally Managed,Gelijkmatige uitlevering van de impressies over de dagen. De hosting van de video vindt plaats in het Xaxis account. De trackers van Zalando worden verwerkt door GroupM Traffic tezamen met de trackers van Maxus-Helder.  Xaxis plaatst dan weer de trackers van GroupM in het Xaxis account zodat alle 3 de partijen mee kunnen meten. : Style & Fashion,25,CPM,3,Per campaign,Video - Preroll 20s,,
0063100000fJj9xAAC,Netherlands: 20160220,"Apr 4, 2016","Apr 24, 2016",9303.27,Karcher Window Vac OLV April 2016,Net Cost (Calc Margin),012i0000001EB0nAAG,689131,0,Externally Managed,,13.5,CPM,3,Per campaign,Video - Preroll 20s,29-49,Female
0063100000fJjBCAA0,Netherlands: 20160249,"May 23, 2016","Jun 12, 2016",16999.99,Stond 7-7-16 op stil. Gelijkmatige uitlevering s.v.p. DMA tag wordt meegeschoten.,Net Cost (Calc Margin),012i0000001EB0nAAG,1478260,0,Externally Managed,,11.5,CPM,1,Per campaign,Mobile - Video,18-34,
0063100000fJj9yAAC,Netherlands: 20160257,"Apr 14, 2016","Apr 30, 2016",9999.99,Karcher Window Vac Display - Apr-Oct 2016 - Flight 1,Net Cost (Calc Margin),012i0000001EB0nAAG,714285,0,Externally Managed,,14,CPM,3,Per campaign,Display - Frequency booster,20-49,Female
0063100000fJjB5AAK,Netherlands: 20150810,"Nov 20, 2015","Jan 3, 2016",43200,Week 50 uitsluiten met eerste contacten bereiken. Enkel retargeting.,Net Cost (Calc Margin),012i0000001EB0nAAG,3200000,0,Externally Managed,,13.5,CPM,3,Per campaign,Xaxis TV,18-30,
0063100000fJj98AAC,Netherlands: 20160006,"Jan 4, 2016","Jan 17, 2016",6036.05,Start campagne na 18:00,Net Cost (Calc Margin),012i0000001EB0nAAG,447115,0,Externally Managed,,13.5,CPM,3,Per campaign,Video - Preroll 20s,25-34,
0063100000fJjBKAA0,Netherlands: 20160368,"May 29, 2016","Jun 11, 2016",8020.01,Stage_Bodyguard_OLV_Mei_Juni_2016,Net Cost (Calc Margin),012i0000001EB0nAAG,594075,0,Externally Managed,,13.5,CPM,3,Per campaign,Video - Preroll 20s,25-55,Female
0063100000fJjCJAA0,Netherlands: 20160137,"Mar 29, 2016","Apr 15, 2016",8750,MEC-106034-2016-0391 -- 2016.BOL.WMAR.DL.ONL-1.0,Net Cost (Calc Margin),012i0000001EB0nAAG,3500000,0,Externally Managed,"(ma t/m vrij: 7.00- 9.30 en 16.30 – 19.00). egionale targeting inzetten op basis van GPS in de buurt van stations en OV knooppunten straal van 1000 meter. Uitlevering in portals waar volume piekt, zoals nieuws, weer, verkeer, entertainment (eventueel social media kanalen). cap 5 over de formaten heen",2.5,CPM,5,Per campaign,Mobile - Standard,None,
0063100000fJj9XAAS,Netherlands: 20160241,"Apr 14, 2016","May 8, 2016",8250,Gelijkmatige uitlevering van de impressies over de dagen.,Net Cost (Calc Margin),012i0000001EB0nAAG,412500,0,Externally Managed,,20,CPM,3,Per campaign,Video - Preroll 30s,20-39,Female
0063100000fJjCZAA0,Netherlands: 20160236,"May 8, 2016","May 20, 2016",8353.8,Doelgroep kan niet verbreed worden. Uitzenden op 08-05 start om 18:00 uur t/m 15 mei. Vervolgens op 16 mei start om 18:00 uur t/m 20 mei,Net Cost (Calc Margin),012i0000001EB0nAAG,618800,0,Externally Managed,,13.5,CPM,3,Per campaign,Video - Preroll 20s,25-35,
0063100000fJjBNAA0,Netherlands: 20160492,"Aug 19, 2016","Aug 31, 2016",4918.05,MAX-132715-2016-0430 -- Koch - F1 OLV - Aug 2016,Net Cost (Calc Margin),012i0000001EB0nAAG,327870,0,Externally Managed,,15,CPM,3,Per campaign,Video - Preroll 30s,20-34,Male
0063100000fJjBiAAK,Netherlands: 20160385,"Jun 27, 2016","Jul 8, 2016",14008.64,MEC-98992-2016-1222 - -2016.ETOS.PRIJS.WWW.VOD-3.0,Net Cost (Calc Margin),012i0000001EB0nAAG,1037677,0,Externally Managed,,13.5,CPM,3,Per campaign,Video - Preroll 20s,20-34,Female
0063100000fJjAVAA0,Netherlands: 20160141,"Mar 5, 2016","Mar 18, 2016",2380,Doelgroep: In het gebied Haaglanden,Net Cost (Calc Margin),012i0000001EB0nAAG,865454,0,Externally Managed,,2.75,CPM,7,Per campaign,Display - Standard,25-55,
0063100000fJj9HAAS,Netherlands: 20160389,"Jun 20, 2016","Jul 3, 2016",8167.2,MAX-79995-2016-0313 -- Alfa Romeo Giulia OLV,Net Cost (Calc Margin),012i0000001EB0nAAG,604978,0,Externally Managed,,13.5,CPM,3,Per campaign,Video - Preroll 20s,25-54,
0063100000fJjBIAA0,Netherlands: 20160232,"Apr 11, 2016","Apr 20, 2016",9403.26,Stage_Bodyguard_OLV_April_2016,Net Cost (Calc Margin),012i0000001EB0nAAG,696538,0,Externally Managed,,13.5,CPM,3,Per campaign,Video - Preroll 20s,25-54,Female
0063100000fJjBFAA0,Netherlands: 20160363,"Jun 26, 2016","Aug 10, 2016",1924.12,2016.GEBERIT.AQUACLEAN.B2C.VTWONENSYNC.0507.ONL-1.0,Net Cost (Calc Margin),012i0000001EB0nAAG,137437,0,Externally Managed,"Sync op basis van timetargeting (Vt wonen) Er zijn twee momenten voor de sync:
SBS6 26-6 19.30-20.30 (‘reguliere herhaling’)
SBS9 10-8 19.30-20.30 (herhaling)
En de sync mag 3 uur ingezet worden; een uur ervoor, tijdens en erna. Dus de sync mag aan vanaf 18.30 tot 21.30.                                                                                                                         Freq. cap van 10 per sync moment",14,CPM,,,Display - Frequency booster,30-50,
0063100000fJjAgAAK,Netherlands: 20160295,"Jun 13, 2016","Jun 24, 2016",1101.6,Targeting op Zandvoort met een straal van 15 km en doelgroep 30-65 jaar,Net Cost (Calc Margin),012i0000001EB0nAAG,400581,0,Externally Managed,,2.75,CPM,7,Per campaign,Display - Standard,30-65,
0063100000fJjCfAAK,Netherlands: 20160032,"Jan 4, 2016","Jan 16, 2016",2378.79,Telegraaf uitsluiten,Net Cost (Calc Margin),012i0000001EB0nAAG,176207,0,Externally Managed,,13.5,CPM,3,Per campaign,Video - Preroll 20s,30-49,Female
0063100000fJjALAA0,Netherlands: 20150847,"Dec 24, 2015","Feb 29, 2016",10000,Online Winter Nordic,Net Cost (Calc Margin),012i0000001EB0nAAG,714286,0,Externally Managed,,14,CPM,3,Per campaign,Xaxis Display,35-55,
0063100000fJjC6AAK,Netherlands: 20160127,"Mar 7, 2016","Mar 27, 2016",12925.52,Dumpert en Geenstijl excluden doelgroep kan niet verbreed worden.,Net Cost (Calc Margin),012i0000001EB0nAAG,957446,0,Externally Managed,,13.5,CPM,2,Per campaign,Video - Preroll 20s,20-34,
0063100000fJjAdAAK,Netherlands: 20160278,"May 14, 2016","Jun 4, 2016",857.65,"Targeting: 25-40 jaar, Enschede + 35km radius",Net Cost (Calc Margin),012i0000001EB0nAAG,311872,0,Externally Managed,,2.75,CPM,5,Per campaign,Display - Standard,25-40,
0063100000fJjAeAAK,Netherlands: 20160227,"May 30, 2016","Jun 17, 2016",1252.05,Targeting op provincie Friesland. Materiaal wordt aangeleverd op 24 mei.,Net Cost (Calc Margin),012i0000001EB0nAAG,455290,0,Externally Managed,,2.75,CPM,7,Per campaign,Display - Standard,18-40,
0063100000fJjBEAA0,Netherlands: 20160025,"Feb 29, 2016","Apr 10, 2016",18000,2016.GEBERIT.AQUACLEAN.B2C.0205.ONL-1.0,Net Cost (Calc Margin),012i0000001EB0nAAG,3000000,0,Externally Managed,,6,CPM,,,Mobile - Halfpage ad,,
0063100000fJjBEAA0,Netherlands: 20160023,"Feb 15, 2016","Mar 13, 2016",64400,30% netto bereik,Net Cost (Calc Margin),012i0000001EB0nAAG,4600000,0,Externally Managed,,14,CPM,,,Display - Frequency booster,35-50,
0063100000fJjAkAAK,Netherlands: 20160391,"Jul 25, 2016","Aug 7, 2016",637.5,"Tablet en Smartphone, web en In-app. Doelgroep betreft 30+ en Zandvoort met een straal van 5 km",Net Cost (Calc Margin),012i0000001EB0nAAG,106250,0,Externally Managed,,6,CPM,5,Per campaign,Mobile - Halfpage ad,30+,
0063100000fJj9MAAS,Netherlands: 20160178,"Mar 17, 2016","Apr 2, 2016",4999.99,"Collecting, apartments, gardening",Net Cost (Calc Margin),012i0000001EB0nAAG,357142,0,Externally Managed,,14,CPM,3,Per campaign,Display - Frequency booster,25-55,
0063100000fJjCaAAK,Netherlands: 20160029,"Mar 14, 2016","Apr 3, 2016",7299.64,Bij eindevaluatie Turbine segmenten uitdraaien. Turbine pixel + LAL gemaakt op users die de video 100% hebben uitgekeken.,Net Cost (Calc Margin),012i0000001EB0nAAG,540714,0,Externally Managed,,13.5,CPM,3,Per campaign,Video - Preroll 20s,,
0063100000fJjCRAA0,Netherlands: 20160306,"May 23, 2016","Jun 2, 2016",20568.03,Desktop en Mobile - 20 sec - CAP 1 per device - 20-49. Desktop cap 2 en Mobiel in-app cap 1.,Net Cost (Calc Margin),012i0000001EB0nAAG,1645442,0,Externally Managed,,12.5,CPM,1,Per campaign,Video - Preroll 20s,20-49,
0063100000fJjBlAAK,Netherlands: 20160204,"Apr 1, 2016","May 8, 2016",25637,Campagne laat een achterstand zien. Hier mag van de planner Mobile aan toegevoegd worden mocht dit nodig zijn. Alleen inzet in STIVA tijdvak tussen 21:00-06:00 uur. 04 mei: Smartphone (web) is geactiveerd.,Net Cost (Calc Margin),012i0000001EB0nAAG,1709133,0,Externally Managed,,15,CPM,3,Per campaign,Video - Preroll 30s,20-34,Male
0063100000fJjAKAA0,Netherlands: 20160081,"Feb 1, 2016","Feb 14, 2016",14901.92,Volvo_OLV_V60_Winter_feb_2016,Net Cost (Calc Margin),012i0000001EB0nAAG,1103846,0,Externally Managed,,13.5,CPM,3,Per campaign,Video - Preroll 20s,35-54,Male
0063100000fJjARAA0,Netherlands: 20150780,"Nov 18, 2015","Mar 6, 2016",9660.5,Frank -> briefing Suzanne. Retargeting preroll non-viewers.,Net Cost (Calc Margin),012i0000001EB0nAAG,690036,0,Externally Managed,,14,CPM,2,Per campaign,Xaxis Display,18-34,
0063100000fJjClAAK,Netherlands: 20160031,"Jan 11, 2016","Jan 31, 2016",7722.24,Land Rover Evoque Jan 2016,Net Cost (Calc Margin),012i0000001EB0nAAG,572018,0,Externally Managed,,13.5,CPM,3,Per campaign,Video - Preroll 20s,30-50,Male
0063100000fJjCTAA0,Netherlands: 20160459,"Aug 15, 2016","Sep 11, 2016",53793.1,CAP 2 per device - gecombineerde index voor Desktop en Mobile,Net Cost (Calc Margin),012i0000001EB0nAAG,4303448,0,Externally Managed,,12.5,CPM,2,Per campaign,Video - Preroll 20s,20-45,
0063100000fJj9PAAS,Netherlands: 20160491,"Aug 15, 2016","Nov 20, 2016",20125,"mid and high income (hier kunnen we niet op targeten, wel valideren met TNS NIPO. Graag meenemen in Eind Rapportage)",Net Cost (Calc Margin),012i0000001EB0nAAG,1750000,0,Externally Managed,,11.5,CPM,3,Per campaign,Mobile - Video,25-55,
0063100000fJjC7AAK,Netherlands: 20160131,"Mar 7, 2016","Apr 6, 2016",23199.9,Dumper en Geenstijl excluden.,Net Cost (Calc Margin),012i0000001EB0nAAG,1718511,0,Externally Managed,,13.5,CPM,2,Per campaign,Video - Preroll 20s,20-34,
0063100000fJjBJAA0,Netherlands: 20160320,"May 15, 2016","May 21, 2016",4701.63,Stage_Bodyguard_OLV_Mei_2016,Net Cost (Calc Margin),012i0000001EB0nAAG,348269,0,Externally Managed,,13.5,CPM,3,Per campaign,Video - Preroll 20s,25-55,Female
0063100000fJj9WAAS,Netherlands: 20160129,"Feb 22, 2016","Mar 20, 2016",8756,NL inzet: Targeting: 60% Vrouwen en 40% Mannen NL. Graag aparte line items aanmaken. Graag kwalitatieve inzet aangezien complete sitelist (eenmalig) moet worden verstuurd.,Net Cost (Calc Margin),012i0000001EB0nAAG,761391,0,Externally Managed,,11.5,CPM,3,Per campaign,Mobile - Video,20-39,
0063100000fJj9UAAS,Netherlands: 20160276,"Apr 22, 2016","May 29, 2016",6010.06,Negatieve retargeting op de Turbine users die bereikt zijn vanuit de nu.nl take-over,Net Cost (Calc Margin),012i0000001EB0nAAG,2185476,0,Externally Managed,,2.75,CPM,7,Per campaign,Display - Standard,13+,
0063100000fJjASAA0,Netherlands: 20150782,"Nov 18, 2015","Mar 31, 2016",1236.19,Frank -> briefing Suzanne. Retargeting website,Net Cost (Calc Margin),012i0000001EB0nAAG,449523,0,Externally Managed,,2.75,CPM,5,Per campaign,Xaxis Display,18-34,
0063100000fJjCEAA0,Netherlands: 20160301,"Jun 10, 2016","Jun 16, 2016",2834.57,Inzet in STIVA tijdvak (tussen 21:00-06:00 uur),Net Cost (Calc Margin),012i0000001EB0nAAG,209968,0,Externally Managed,,13.5,CPM,2,Per campaign,Video - Preroll 20s,25-34,
0063100000fJj9aAAC,Netherlands: 20160309,"May 17, 2016","Jun 5, 2016",1350,MAX-128858-2016-0227 -- Zalando OLV - NL-BE - May June 2016 -SS16 flight 3,Net Cost (Calc Margin),012i0000001EB0nAAG,100000,0,Externally Managed,Gelijkmatige uitlevering van de impressies over de dagen. De doelgroep betreft Vrouwen 20-39 jaar en Turbine segment Style & Fashion. De hosting van de video vindt plaats in het Xaxis account. De trackers van Zalando worden verwerkt door GroupM Traffic tezamen met de trackers van Maxus-Helder.  Xaxis plaatst dan weer de trackers van GroupM in het Xaxis account zodat alle 3 de partijen mee kunnen meten. : Style & Fashion,13.5,CPM,3,Per campaign,Video - Preroll 20s,20-39,Female
0063100000fJjAWAA0,Netherlands: 20160133,"Mar 4, 2016","Mar 18, 2016",2125,Doelgroep:Rotterdam,Net Cost (Calc Margin),012i0000001EB0nAAG,772727,0,Externally Managed,,2.75,CPM,7,Per campaign,Display - Standard,35-65,
0063100000fJjBBAA0,Netherlands: 20160224,"Apr 22, 2016","May 18, 2016",10798.33,MEC-78754-2016-0650 -- 2016.TELE2.CONS.NO2GEORGE.0405.OLV-1.0,Net Cost (Calc Margin),012i0000001EB0nAAG,799876,0,Externally Managed,,13.5,CPM,1,Per campaign,Video - Preroll 20s,18-34,
0063100000fJj9pAAC,Netherlands: 20160324,"Jun 13, 2016","Jul 10, 2016",7799.6,2016-06 Greek Oikos juni-juli 2016,Net Cost (Calc Margin),012i0000001EB0nAAG,577748,0,Externally Managed,,13.5,CPM,3,Per campaign,Video - Preroll 20s,35-55,Female
0063100000fJjAIAA0,Netherlands: 20160259,"Oct 3, 2016","Oct 22, 2016",9999.99,MAX-99572-2016-0192 -- Karcher Window Vac Display - Apr-Oct 2016,Net Cost (Calc Margin),012i0000001EB0nAAG,714285,0,Externally Managed,,14,CPM,3,Per campaign,Display - Frequency booster,20-49,Female
0063100000fJjBdAAK,Netherlands: 20160221,"Apr 4, 2016","Apr 15, 2016",19415.7,MEC-98992-2016-0625 -- 2016.ETOS.PRIJS.AVM-4.0,Net Cost (Calc Margin),012i0000001EB0nAAG,1438200,0,Externally Managed,,13.5,CPM,3,Per campaign,Video - Preroll 20s,20-34,Female
0063100000fJj9OAAS,Netherlands: 20160153,"May 1, 2016","Jun 30, 2016",9943.25,Shurgard - OLV - Mar-Jun 2016 - Flight 2,Net Cost (Calc Margin),012i0000001EB0nAAG,864630,0,Externally Managed,,11.5,CPM,3,Per campaign,Mobile - Video,25-55,
0063100000fJj9sAAC,Netherlands: 20160051,"Feb 8, 2016","Feb 28, 2016",11615.24,Doelgroep is opgevraagd bij Boris door Martina,Net Cost (Calc Margin),012i0000001EB0nAAG,829660,0,Externally Managed,,14,CPM,3,Per campaign,Display - Frequency booster,20-50,Female
0063100000fJj9DAAS,Netherlands: 20160102,"Mar 7, 2016","Dec 31, 2016",31050.3,MBA-129135-2016-0058 -- Tankpas,Net Cost (Calc Margin),012i0000001EB0nAAG,5175050,0,Externally Managed,"Swipe Cube. Er worden 2 flights ingezet. Flight 1: 7 maart t/m 31 mei 2016, 3.052.044 gerealiseerde impressies. Flight 2: 1 september t/m 30 november 2016, 2.347.956 impressies. Per flight geldt een cap van 3. Geo-targeting. Graag op de volgende tactics inzetten: 1) bouwmarkten, 2) flexplekken, 3) Macro’s, 4) Sligro’s, 5) grote bedrijventerreinen. 19-4: Graag 500.000 impressies van de eerste flight verschuiven van geo-targeting naar inzet op Mannen 35-49 jaar met een cap van 3.",6,CPM,3,Per campaign,Mobile - Halfpage ad,,
0063100000fJj9bAAC,Netherlands: 20160311,"May 17, 2016","Jun 5, 2016",5250,MAX-128858-2016-0227 -- Zalando OLV - NL-BE Flanders - May June 2016 -SS16 flight 3,Net Cost (Calc Margin),012i0000001EB0nAAG,210000,0,Externally Managed,Gelijkmatige uitlevering van de impressies over de dagen. De hosting van de video vindt plaats in het Xaxis account. De trackers van Zalando worden verwerkt door GroupM Traffic tezamen met de trackers van Maxus-Helder.  Xaxis plaatst dan weer de trackers van GroupM in het Xaxis account zodat alle 3 de partijen mee kunnen meten. : Style & Fashion,25,CPM,3,Per campaign,Video - Preroll 20s,,
0063100000fJj9IAAS,Netherlands: 20160417,"Jul 4, 2016","Jul 17, 2016",2858.53,OLV 10 sec. Gelijkmatige uitlevering,Net Cost (Calc Margin),012i0000001EB0nAAG,211743,0,Externally Managed,,13.5,CPM,3,Per campaign,Video - Preroll 20s,25-54,
0063100000fJjBhAAK,Netherlands: 20160358,"Jun 6, 2016","Jun 12, 2016",10291.79,20 sec spot,Net Cost (Calc Margin),012i0000001EB0nAAG,762355,0,Externally Managed,,13.5,CPM,3,Per campaign,Video - Preroll 20s,20-34,Female
0063100000fJjBeAAK,Netherlands: 20160118,"Mar 21, 2016","Apr 24, 2016",6578.25,2016.ETOS.LOYALTY.ONL-1.0,Net Cost (Calc Margin),012i0000001EB0nAAG,2631300,0,Externally Managed,"Targeting  breed op vrouwenchannels, denk aan segmenten lifestyle, nieuws en entertainment waar die vrouwenchannels zich in bevinden. 07-04: De HPA cap is aangepast van 5 per maand naar 3 per maand. Waarbij na het 3e contact retargetig plaats vindt vanuit de kleine formaten. De cap voor de kleinere formaten betreft 3-5. Graag compensatie inboeken: 1.000.000 impressies, zie mail d.d. 11 april van Cynthia. 13-4: Campagneperiode is verlengd.",2.5,CPM,5,Per campaign,Mobile - Standard,,Female
0063100000fJj9EAAS,Netherlands: 20160143,"Mar 1, 2016","Mar 20, 2016",8003.87,MAX-79995-2016-0071 -- Fiat 500 BTW Vrij - mrt,Net Cost (Calc Margin),012i0000001EB0nAAG,592879,0,Externally Managed,,13.5,CPM,3,Per campaign,Video - Preroll 20s,25-54,
0063100000fJj9KAAS,Netherlands: 20160468,"Aug 15, 2016","Aug 21, 2016",3236.75,MAX-79995-2016-0410 -- Alfa Romeo Giulia OLV augustus,Net Cost (Calc Margin),012i0000001EB0nAAG,239759,0,Externally Managed,,13.5,CPM,3,Per campaign,Video - Preroll 20s,25-54,
0063100000fJjB3AAK,Netherlands: 20160166,"Apr 4, 2016","Apr 20, 2016",13548.83,Campagne mag verlengd worden met max 3 dagen. Nieuw materiaal mag gebruikt worden,Net Cost (Calc Margin),012i0000001EB0nAAG,1003617,0,Externally Managed,,13.5,CPM,3,Per campaign,Video - Preroll 20s,20-39,Female
0063100000fJj9jAAC,Netherlands: 20160115,"Mar 7, 2016","Apr 3, 2016",8250,MCM-113554-2016-0211 -- 2016-03 Danio AV Maart April,Net Cost (Calc Margin),012i0000001EB0nAAG,611111,0,Externally Managed,,13.5,CPM,3,Per campaign,Video - Preroll 20s,25-45,Female
0063100000fJjBkAAK,Netherlands: 20160471,"Aug 22, 2016","Sep 2, 2016",20586.57,MEC-98992-2016-1498 -- 2016.ETOS.PRIJS.WWW.VOD-4.0,Net Cost (Calc Margin),012i0000001EB0nAAG,1524931,0,Externally Managed,,13.5,CPM,3,Per campaign,Video - Preroll 20s,20-34,Female
0063100000fJjBQAA0,Netherlands: 20160074,"Feb 1, 2016","Feb 14, 2016",19484.54,2016.AEGON.COMMUNICATIE.PENNYWISEFOOLISCH.02.OLV-1.0,Net Cost (Calc Margin),012i0000001EB0nAAG,1443299,0,Externally Managed,,13.5,CPM,3,Per campaign,Video - Preroll 20s,30-49,
0063100000fJjCUAA0,Netherlands: 20160083,"Feb 15, 2016","Mar 13, 2016",9202.84,GAMMA_OLV_dat vraag ik_week 7-10,Net Cost (Calc Margin),012i0000001EB0nAAG,681692,0,Externally Managed,,13.5,CPM,3,Per campaign,Video - Preroll 20s,25-35,
0063100000fJjBDAA0,Netherlands: 20160379,"Jun 27, 2016","Jul 17, 2016",21478.39,OLV Spot Golfbaan: 70% & OLV Spot Baby (danszaal tags): 30%,Net Cost (Calc Margin),012i0000001EB0nAAG,1867686,0,Externally Managed,,11.5,CPM,1,Per campaign,Mobile - Video,18-34,
0063100000fJjBfAAK,Netherlands: 20160247,"Apr 25, 2016","May 6, 2016",13039.99,04 mei: Smartphone (web) is geactiveerd voor het Hemelvaart weekend.,Net Cost (Calc Margin),012i0000001EB0nAAG,965925,0,Externally Managed,,13.5,CPM,3,Per campaign,Video - Preroll 20s,20-34,Female
0063100000fJj9XAAS,Netherlands: 20160239,"Apr 14, 2016","May 8, 2016",8250,Gelijkmatige uitlevering van de impressies over de dagen. : Style&Fashion,Net Cost (Calc Margin),012i0000001EB0nAAG,330000,0,Externally Managed,,25,CPM,3,Per campaign,Video - Preroll 30s,,
0063100000fJjC9AAK,Netherlands: 20160132,"Mar 14, 2016","Apr 10, 2016",11931.45,Geenstijl en Dumpert excluden. gevraagd aan planner of het voor zowel mannen als vrouwen is. 19-2-16,Net Cost (Calc Margin),012i0000001EB0nAAG,883811,0,Externally Managed,,13.5,CPM,2,Per campaign,Video - Preroll 20s,20-34,
0063100000fJj9fAAC,Netherlands: 20160013,"Jan 1, 2016","Feb 7, 2016",4625.01,2015-01 Activia AV Challenge,Net Cost (Calc Margin),012i0000001EB0nAAG,342593,0,Externally Managed,,13.5,CPM,3,Per campaign,Video - Preroll 20s,25-40,Female
0063100000fJjB0AAK,Netherlands: 20160004,"Jan 18, 2016","Jan 31, 2016",20950.89,Home & Deco,Net Cost (Calc Margin),012i0000001EB0nAAG,1676071,0,Externally Managed,,12.5,CPM,,,Display - Half Page Ad,,
0063100000fJjAYAA0,Netherlands: 20160198,"Mar 31, 2016","Apr 28, 2016",1700,Cap= 15 per campaign.  Doelgroep man en vrouw Scheveningen en 45km radius.,Net Cost (Calc Margin),012i0000001EB0nAAG,618182,0,Externally Managed,,2.75,CPM,15,Per campaign,Display - Standard,40-101,
0063100000fJjCdAAK,Netherlands: 20160189,"Apr 4, 2016","Apr 24, 2016",6375,Het liefst 15 sec,Net Cost (Calc Margin),012i0000001EB0nAAG,472222,0,Externally Managed,,13.5,CPM,3,Per campaign,Video - Preroll 20s,30-44,Male
0063100000fJjABAA0,Netherlands: 20160220,"Apr 4, 2016","Apr 24, 2016",9303.27,Karcher Window Vac OLV April 2016,Net Cost (Calc Margin),012i0000001EB0nAAG,689131,0,Externally Managed,,13.5,CPM,3,Per campaign,Video - Preroll 20s,29-49,Female
0063100000fJjAvAAK,Netherlands: 20160398,"Jul 4, 2016","Jul 24, 2016",19263.96,"Er is nog onduidelijkheid of de video 30 seconden of 20 seconden is. Ingekocht voor een gecombineerde CPM (12,50) echter is dit niet mogelijk met een 30sec video. Dit moet 15 CPM zijn. Hierover is contact opgenomen met Jessica.",Net Cost (Calc Margin),012i0000001EB0nAAG,1284264,0,Externally Managed,,15,CPM,3,Per campaign,Video - Preroll 30s,25-45,
0063100000fJjBtAAK,Netherlands: 20160016,"Jan 11, 2016","Jan 31, 2016",11208.83,2016.FC.VIFIT.01.AVMX-1.0,Net Cost (Calc Margin),012i0000001EB0nAAG,830284,0,Externally Managed,,13.5,CPM,3,Per campaign,Video - Preroll 20s,20-34,
0063100000fJjCAAA0,Netherlands: 20160212,"Apr 11, 2016","May 1, 2016",17335,FC.MONA.0405.AVMX-1.0,Net Cost (Calc Margin),012i0000001EB0nAAG,1284074,0,Externally Managed,,13.5,CPM,2,Per campaign,Video - Preroll 20s,20-49,Female
0063100000fJjASAA0,Netherlands: 20150778,"Nov 18, 2015","Feb 21, 2016",46874.94,Frank -> briefing Suzanne,Net Cost (Calc Margin),012i0000001EB0nAAG,3472218,0,Externally Managed,,13.5,CPM,2,Per campaign,Xaxis TV,18-34,
0063100000fJj9aAAC,Netherlands: 20160310,"May 17, 2016","Jun 5, 2016",4600,MAX-128858-2016-0227 -- Zalando OLV - NL-BE - May June 2016 -SS16 flight 3,Net Cost (Calc Margin),012i0000001EB0nAAG,400000,0,Externally Managed,Gelijkmatige uitlevering van de impressies over de dagen. De hosting van de video vindt plaats in het Xaxis account. De trackers van Zalando worden verwerkt door GroupM Traffic tezamen met de trackers van Maxus-Helder.  Xaxis plaatst dan weer de trackers van GroupM in het Xaxis account zodat alle 3 de partijen mee kunnen meten.,11.5,CPM,3,Per campaign,Mobile - Video,20-39,Female
0063100000fJj9dAAC,Netherlands: 20160052,"Jan 15, 2016","Feb 4, 2016",7902.28,Online video 10 sec en een gelijkmatige uitlevering.,Net Cost (Calc Margin),012i0000001EB0nAAG,585354,0,Externally Managed,,13.5,CPM,3,Per campaign,Video - Preroll 20s,25-54,
0063100000fJjAdAAK,Netherlands: 20160279,"May 14, 2016","Jun 4, 2016",1865.75,"Targeting: 25-40 jaar, Enschede + 35km radius",Net Cost (Calc Margin),012i0000001EB0nAAG,310958,0,Externally Managed,,6,CPM,5,Per campaign,Mobile - Halfpage ad,25-40,
0063100000fJjBWAA0,Netherlands: 20160195,"Mar 14, 2016","Apr 3, 2016",8172.88,2016.ANWB.WEGENWACHT.0304.OLV-1.0,Net Cost (Calc Margin),012i0000001EB0nAAG,710685,0,Externally Managed,,11.5,CPM,3,Per campaign,Mobile - Video,25-45,
0063100000fJjCaAAK,Netherlands: 20160028,"Feb 15, 2016","Mar 6, 2016",7299.64,2016-01 BEN PRE-ROLL Q1,Net Cost (Calc Margin),012i0000001EB0nAAG,540714,0,Externally Managed,,13.5,CPM,3,Per campaign,Video - Preroll 20s,,
0063100000fJjBgAAK,Netherlands: 20160296,"May 16, 2016","May 28, 2016",20586.57,MEC-98992-2016-0877 -- 2016.ETOS.ACTIE.VOD-2.0,Net Cost (Calc Margin),012i0000001EB0nAAG,1524931,0,Externally Managed,,13.5,CPM,3,Per campaign,Video - Preroll 20s,20-34,Female
0063100000fJj9NAAS,Netherlands: 20160096,"Mar 1, 2016","Apr 30, 2016",6750.43,"Divorce,Apartments, Business construction, Real estate- Buying selling homes/remodeling and construction, Vintage cars met motorcycles en minivan. Collecting. Travel",Net Cost (Calc Margin),012i0000001EB0nAAG,500032,0,Externally Managed,,13.5,CPM,3,Per campaign,Video - Preroll 20s,25-55,
0063100000fJjB3AAK,Netherlands: 20160167,"Apr 4, 2016","Apr 17, 2016",6980.42,2016.IKEA.NEWS.SOFA.04.OLV-1.0,Net Cost (Calc Margin),012i0000001EB0nAAG,606993,0,Externally Managed,,11.5,CPM,3,Per campaign,Mobile - Video,20-39,Female
0063100000fJjC8AAK,Netherlands: 20160199,"Mar 28, 2016","Apr 10, 2016",6780.71,2016.FC.MILNER.0304.AVMX-1.0,Net Cost (Calc Margin),012i0000001EB0nAAG,502275,0,Externally Managed,,13.5,CPM,2,Per campaign,Video - Preroll 20s,20-34,Female
0063100000fJjCjAAK,Netherlands: 20160119,"Apr 11, 2016","Apr 24, 2016",1720.47,MAX-128395-2016-0062 -- VARILUX,Net Cost (Calc Margin),012i0000001EB0nAAG,127442,0,Externally Managed,,13.5,CPM,3,Per campaign,Video - Preroll 20s,50+,
0063100000fJjAbAAK,Netherlands: 20160168,"Apr 11, 2016","Apr 29, 2016",1123.32,Targeting op provincie Friesland,Net Cost (Calc Margin),012i0000001EB0nAAG,408480,0,Externally Managed,,2.75,CPM,7,Per campaign,Display - Standard,18-55,
0063100000fJj9UAAS,Netherlands: 20160275,"Apr 22, 2016","May 29, 2016",589.94,MAX-126634-2016-0163 -- P9 Launch- Apr-Jun 2016,Net Cost (Calc Margin),012i0000001EB0nAAG,214522,0,Externally Managed,"Retargeting op basis van de OLV inzet. Retargeting moet plaats vinden op 22-40 jaar en de Turbine segmenten Arts & Entertainment (zonder subsegment Gossip), Science, Technology & Computing, Style & Fashion. Het is bekend dat de retargeting op deze wijze beperkt is : Arts & Entertainment (zonder subsegment Gossip), Science, Technology & Computing, Style & Fashion",2.75,CPM,5,Per campaign,Display - Standard,22-40,
0063100000fJjAQAA0,Netherlands: 20160035,"Jan 1, 2016","Mar 31, 2016",59080,Turbine pixels op Volvo site plaatsen per type. Er volgt een lijst van Thomas. Gebruikers op landingspagina uitsluiten (clickers). : Autmotive,Net Cost (Calc Margin),012i0000001EB0nAAG,4220000,0,Externally Managed,,14,CPM,,,Display - Frequency booster,,
0063100000fJjCWAA0,Netherlands: 20160111,"Mar 13, 2016","Apr 2, 2016",11923.79,KARWEI_OLV_tuinen_week 11-13_2016,Net Cost (Calc Margin),012i0000001EB0nAAG,883244,0,Externally Managed,,13.5,CPM,3,Per campaign,Video - Preroll 20s,25-40,
0063100000fJjBaAAK,Netherlands: 20160019,"Jan 25, 2016","Feb 7, 2016",20586.57,2016.ETOS.PRIJS.WWW.AVM-2.0,Net Cost (Calc Margin),012i0000001EB0nAAG,1524931,0,Externally Managed,,13.5,CPM,3,Per campaign,Video - Preroll 20s,20-34,Female
0063100000fJj9qAAC,Netherlands: 20160465,"Aug 21, 2016","Sep 10, 2016",5700.09,2016-08 Greek Oikos Aug-sept 2016,Net Cost (Calc Margin),012i0000001EB0nAAG,422229,0,Externally Managed,,13.5,CPM,3,Per campaign,Video - Preroll 20s,35-55,Female
0063100000fJjC2AAK,Netherlands: 20160151,"Mar 7, 2016","Mar 13, 2016",36619.53,Geenstijl en Dumpert excluden. willen zoveel mogelijk impressies serveren in buckets 2-3 met max 3.  Marge test.,Net Cost (Calc Margin),012i0000001EB0nAAG,2615681,0,Externally Managed,,14,CPM,3,Per campaign,Display - Frequency booster,25-49,Female
0063100000fJjAZAA0,Netherlands: 20160208,"Apr 11, 2016","Apr 29, 2016",2541.39,Targeting 26-40 in en bij Breda met een straal van 45km.,Net Cost (Calc Margin),012i0000001EB0nAAG,924141,0,Externally Managed,,2.75,CPM,7,Per campaign,Display - Standard,25-40,
0063100000fJjB2AAK,Netherlands: 20160114,"Mar 7, 2016","Mar 20, 2016",3593.99,MEC-43633-2016-0305 -- 2016.IKEA.NEWS.BED.03.OLV-1.0,Net Cost (Calc Margin),012i0000001EB0nAAG,312521,0,Externally Managed,,11.5,CPM,3,Per campaign,Mobile - Video,20-34,Female
0063100000fJj9BAAS,Netherlands: 20160480,"Aug 28, 2016","Sep 20, 2016",3304.8,"Desktop en Tablet. Alleen live op maandag tussen 00:00 - 19:00 uur op basis van een cap van 4 per dag (max. 1 vertoning per uur)! : Arts&Entertainment_Music en Hobbies&Interests_Radio / Interest, Predicted Interest en Intent / High, Medium en Low",Net Cost (Calc Margin),012i0000001EB0nAAG,1201745,0,Externally Managed,,2.75,CPM,4,Per campaign,Display - Standard,,
0063100000fJjAnAAK,Netherlands: 20160400,"Jul 11, 2016","Jul 29, 2016",1275,Duaal (50-50) insteken. Oftewel de helft van de impressies op 1. locatie Breda en omgeving targeten en 2. op de doelgroep 25+ en umfeld gaming en lifestyle.,Net Cost (Calc Margin),012i0000001EB0nAAG,510000,0,Externally Managed,,2.5,CPM,7,Per campaign,Mobile - Standard,25+,
0063100000fJj9hAAC,Netherlands: 20160071,"Feb 22, 2016","Mar 13, 2016",2624.79,Deze campagne is geannuleerd extra kosten zijn voor onze rekening 25-2-16,Net Cost (Calc Margin),012i0000001EB0nAAG,194429,0,Externally Managed,,13.5,CPM,3,Per campaign,Video - Preroll 20s,25-40,Female
0063100000fJjCDAA0,Netherlands: 20160270,"May 8, 2016","May 13, 2016",1309.31,Alleen inzet in het STIVA tijdvak tussen 21:00-06:00 uur,Net Cost (Calc Margin),012i0000001EB0nAAG,113853,0,Externally Managed,,11.5,CPM,3,Per campaign,Mobile - Video,25-34,
0063100000fJj9UAAS,Netherlands: 20160273,"Apr 22, 2016","May 29, 2016",4920.02,MAX-126634-2016-0163 -- P9 Launch- Apr-Jun 2016,Net Cost (Calc Margin),012i0000001EB0nAAG,351430,0,Externally Managed,"Retargeting op basis van de OLV inzet. Retargeting moet plaats vinden op 22-40 jaar en de Turbine segmenten Arts & Entertainment (zonder subsegment Gossip), Science, Technology & Computing, Style & Fashion. Het is bekend dat de retargeting op deze wijze beperkt is. 13-5: De retargeting wordt omgezet o.b.v. nu.nl retargeting. : Arts & Entertainment (zonder subsegment Gossip), Science, Technology & Computing, Style & Fashion",14,CPM,1,Per campaign,Display - Frequency booster,22-40,
0063100000fJj9ZAAS,Netherlands: 20160233,"Apr 14, 2016","May 8, 2016",6000,MAX-128858-2016-0171 -- Zalando OLV - NL-BE - Apr May 2016 - NL inzet,Net Cost (Calc Margin),012i0000001EB0nAAG,400000,0,Externally Managed,"Graag de eerste week 250.000 impressies inzetten. De resterende 150.000 impressies gelijkwaardig verdelen over de weken. Graag een pixel plaatsen op click en op view, Light Reaction gaat deze pool gebruiken voor verdere inzet. De hosting van de video vindt plaats in het Xaxis account. De trackers van Zalando worden verwerkt door GroupM Traffic tezamen met de trackers van Maxus-Helder.  Xaxis plaatst dan weer de trackers van GroupM in het Xaxis account zodat alle 3 de partijen mee kunnen meten.",15,CPM,3,Per campaign,Video - Preroll 30s,20-39,Female
0063100000fJjASAA0,Netherlands: 20150781,"Nov 18, 2015","Mar 6, 2016",4967.3,Frank -> briefing Suzanne. Retargeting high impact viewers,Net Cost (Calc Margin),012i0000001EB0nAAG,1806290,0,Externally Managed,,2.75,CPM,3,Per campaign,Xaxis Display,18-34,
0063100000fJjAyAAK,Netherlands: 20160197,"Apr 26, 2016","May 29, 2016",83996.99,Contactklasse 3-5 aanhouden s.v.p.,Net Cost (Calc Margin),012i0000001EB0nAAG,5999785,0,Externally Managed,,14,CPM,5,Per campaign,Display - Frequency booster,25-54,Male
0063100000fJj9bAAC,Netherlands: 20160313,"May 17, 2016","Jun 5, 2016",5400,MAX-128858-2016-0227 -- Zalando OLV - NL-BE Flanders - May June 2016 -SS16 flight 3,Net Cost (Calc Margin),012i0000001EB0nAAG,270000,0,Externally Managed,Gelijkmatige uitlevering van de impressies over de dagen. De hosting van de video vindt plaats in het Xaxis account. De trackers van Zalando worden verwerkt door GroupM Traffic tezamen met de trackers van Maxus-Helder.  Xaxis plaatst dan weer de trackers van GroupM in het Xaxis account zodat alle 3 de partijen mee kunnen meten.,20,CPM,3,Per campaign,Video - Preroll 20s,20-39,Female
0063100000fJjAjAAK,Netherlands: 20160393,"Jul 1, 2016","Jul 31, 2016",2125,Desktop en Tablet. Doelgroep betreft 25-55 en Haaglanden,Net Cost (Calc Margin),012i0000001EB0nAAG,151786,0,Externally Managed,,14,CPM,5,Per campaign,Display - Frequency booster,25-55,
0063100000fJjBXAA0,Netherlands: 20160165,"Mar 14, 2016","Apr 3, 2016",14174.6,"25 sec video,doelgroep was oorpsronkelijk 35-49",Net Cost (Calc Margin),012i0000001EB0nAAG,944973,0,Externally Managed,,15,CPM,3,Per campaign,Video - Preroll 30s,25-45,
0063100000fJjB8AAK,Netherlands: 20150809,"Nov 20, 2015","Jan 3, 2016",29911.97,Week 50 uitsluiten met eerste contacten bereiken. Enkel retargeting.,Net Cost (Calc Margin),012i0000001EB0nAAG,2800000,0,Externally Managed,,11.5,CPM,3,Per campaign,Xaxis TV,18-30,
0063100000fJjBlAAK,Netherlands: 20160272,"Apr 1, 2016","May 8, 2016",4600,Alleen inzet in het STIVA tijdvak tussen 21:00-06:00 uur,Net Cost (Calc Margin),012i0000001EB0nAAG,400000,0,Externally Managed,,11.5,CPM,3,Per campaign,Mobile - Video,20-34,Male
0063100000fJj9iAAC,Netherlands: 20160112,"Feb 22, 2016","Mar 13, 2016",2624.79,MCM-113554-2016-0204 -- 2016-02 Activia AV Challenge,Net Cost (Calc Margin),012i0000001EB0nAAG,194429,0,Externally Managed,,13.5,CPM,3,Per campaign,Video - Preroll 20s,25-40,Female
0063100000fJj9wAAC,Netherlands: 20160192,"Apr 4, 2016","Apr 24, 2016",8315.5,Karcher High Pressure Display - Mar-Jun 2016 - Flight 2,Net Cost (Calc Margin),012i0000001EB0nAAG,593964,0,Externally Managed,,14,CPM,3,Per campaign,Display - Frequency booster,35-54,Male
0063100000fJjBVAA0,Netherlands: 20160095,"Feb 8, 2016","Feb 28, 2016",61553.41,"Creditering van E 23.846,58 vanwege foutieve targeting op 50+. 10% van het budget overhouden voor de laatste 4 dagen (25 feb t/m 28 feb). Gedurende deze periode alleen nog maar retargeten op buckets 1,2 & 3 naar bucket 4/5.",Net Cost (Calc Margin),012i0000001EB0nAAG,4396672,0,Externally Managed,,14,CPM,5,Per campaign,Display - Frequency booster,25-35,
0063100000fJjAwAAK,Netherlands: 20160477,"Aug 15, 2016","Sep 4, 2016",17628.99,"Wacht op omzetting in CPM tarief. Combi Video pakket (50% van de impressies op Desktop en 50% van de impressies In-app) o.b.v. 30""",Net Cost (Calc Margin),012i0000001EB0nAAG,1175266,0,Externally Managed,,15,CPM,3,Per campaign,Video - Preroll 30s,25-45,
0063100000fJjANAA0,Netherlands: 20160030,"Jan 2, 2016","Jan 17, 2016",17882.3,Volvo_OLV_V60_Winter_jan_2016,Net Cost (Calc Margin),012i0000001EB0nAAG,1324615,0,Externally Managed,,13.5,CPM,3,Per campaign,Video - Preroll 20s,35-54,Male
0063100000fJjBxAAK,Netherlands: 20160063,"Jan 18, 2016","Feb 22, 2016",100151.5,Netto bereik realiseren van 55% in doelgroep. Sturen op 2-3 contacten.,Net Cost (Calc Margin),012i0000001EB0nAAG,7153678,0,Externally Managed,,14,CPM,,,Display - Frequency booster,20-49,Female
0063100000fJjBcAAK,Netherlands: 20160124,"Mar 21, 2016","Apr 2, 2016",17646.78,2016.ETOS.LOY.AVM-1.0,Net Cost (Calc Margin),012i0000001EB0nAAG,1307169,0,Externally Managed,,13.5,CPM,3,Per campaign,Video - Preroll 20s,20-34,Female
0063100000fJjBAAA0,Netherlands: 20160075,"Feb 26, 2016","Mar 18, 2016",25500,Desktop- Nieuw materiaal,Net Cost (Calc Margin),012i0000001EB0nAAG,1888889,0,Externally Managed,,13.5,CPM,3,Per campaign,Video - Preroll 20s,18-30,
0063100000fJj9PAAS,Netherlands: 20160490,"Aug 15, 2016","Nov 20, 2016",13500,"mid and high income (hier kunnen we niet op targeten, wel valideren met TNS NIPO. Graag meenemen in Eind Rapportage)",Net Cost (Calc Margin),012i0000001EB0nAAG,1000000,0,Externally Managed,,13.5,CPM,3,Per campaign,Video - Preroll 20s,25-55,
0063100000fJjAmAAK,Netherlands: 20160494,"Sep 12, 2016","Sep 30, 2016",2199.8,Regiotargeting: Groningen en Drenthe,Net Cost (Calc Margin),012i0000001EB0nAAG,799927,0,Externally Managed,,2.75,CPM,7,Per campaign,Display - Standard,18-40,Male
0063100000fJj9zAAC,Netherlands: 20160258,"May 1, 2016","May 12, 2016",5999.99,Karcher Window Vac Display - Apr-Oct 2016 - Flight 2,Net Cost (Calc Margin),012i0000001EB0nAAG,428571,0,Externally Managed,,14,CPM,3,Per campaign,Display - Frequency booster,20-49,Female
0063100000fJjBXAA0,Netherlands: 20160195,"Mar 14, 2016","Apr 3, 2016",8172.88,2016.ANWB.WEGENWACHT.0304.OLV-1.0,Net Cost (Calc Margin),012i0000001EB0nAAG,710685,0,Externally Managed,,11.5,CPM,3,Per campaign,Mobile - Video,25-45,
0063100000fJjBPAA0,Netherlands: 20160020,"Jan 25, 2016","Jan 31, 2016",20495.42,2016.AEGON.COMMUNICATIE.MERKCAMPAGNE.01.OLV-1.0,Net Cost (Calc Margin),012i0000001EB0nAAG,1518179,0,Externally Managed,,13.5,CPM,3,Per campaign,Video - Preroll 30s,35-49,
0063100000fJjA2AAK,Netherlands: 20160413,"Jul 1, 2016","Aug 31, 2016",10000,"Doelgroep is man 20-70 en vrouw 29-49. Er moeten dus twee campagnes onder de Line Items opgezet worden. Impressies mogen 50/50 ingezet worden. : Family & Parenting, Home & Garden, Food&Drink_Barbecues & Grilling",Net Cost (Calc Margin),012i0000001EB0nAAG,740741,0,Externally Managed,,13.5,CPM,3,Per campaign,Video - Preroll 20s,,
0063100000fJjA9AAK,Netherlands: 20160190,"Mar 22, 2016","Apr 11, 2016",19099.99,doelgroep+cap nagevraagd,Net Cost (Calc Margin),012i0000001EB0nAAG,1414814,0,Externally Managed,,13.5,CPM,3,Per campaign,Video - Preroll 20s,35-54,Male
0063100000fJjBDAA0,Netherlands: 20160378,"Jun 27, 2016","Jul 20, 2016",12646.54,OLV Spot Golfbaan: 70% & OLV Spot Baby (danszaal tags): 30%,Net Cost (Calc Margin),012i0000001EB0nAAG,936781,0,Externally Managed,,13.5,CPM,1,Per campaign,Video - Preroll 20s,35-49,
0063100000fJjCbAAK,Netherlands: 20160105,"Mar 14, 2016","Apr 3, 2016",7500.4,2016-03 TMO Meer 4G mrt-apr AV,Net Cost (Calc Margin),012i0000001EB0nAAG,555585,0,Externally Managed,,13.5,CPM,4,Per campaign,Video - Preroll 20s,20-49,
0063100000fJjCEAA0,Netherlands: 20160302,"Jun 10, 2016","Jun 16, 2016",942.56,Inzet in STIVA tijdvak (tussen 21:00-06:00 uur),Net Cost (Calc Margin),012i0000001EB0nAAG,81962,0,Externally Managed,,11.5,CPM,2,Per campaign,Mobile - Video,25-34,
0063100000fJj9eAAC,Netherlands: 20160052,"Jan 15, 2016","Feb 4, 2016",7902.28,Online video 10 sec en een gelijkmatige uitlevering.,Net Cost (Calc Margin),012i0000001EB0nAAG,585354,0,Externally Managed,,13.5,CPM,3,Per campaign,Video - Preroll 20s,25-54,
0063100000fJjAAAA0,Netherlands: 20160192,"Apr 4, 2016","Apr 24, 2016",8315.5,Karcher High Pressure Display - Mar-Jun 2016 - Flight 2,Net Cost (Calc Margin),012i0000001EB0nAAG,593964,0,Externally Managed,,14,CPM,3,Per campaign,Display - Frequency booster,35-54,Male
0063100000fJjBUAA0,Netherlands: 20160003,"Jan 4, 2016","Feb 7, 2016",41162,"20% van het budget overhouden voor de retargeting op bucket 1,2,3 naar bucket 4,5 in de laatste week.",Net Cost (Calc Margin),012i0000001EB0nAAG,2940156,0,Externally Managed,,14,CPM,,,Display - Frequency booster,50-65,
0063100000fJjCVAA0,Netherlands: 20160158,"Mar 14, 2016","Mar 19, 2016",4474.66,Doelgroep kan niet verbreed worden en looptijd kan niet langer.,Net Cost (Calc Margin),012i0000001EB0nAAG,331456,0,Externally Managed,,13.5,CPM,3,Per campaign,Video - Preroll 20s,25-35,
0063100000fJj9nAAC,Netherlands: 20160281,"May 16, 2016","Jun 5, 2016",3250.4,25-4: Bij Linsey nagevraagd of er getarget moet worden op Mannen of op Vrouwen,Net Cost (Calc Margin),012i0000001EB0nAAG,240770,0,Externally Managed,,13.5,CPM,3,Per campaign,Video - Preroll 20s,25-40,Female
0063100000fJjA1AAK,Netherlands: 20160194,"Jun 6, 2016","Jun 18, 2016",7123.49,Doelgroep nagevraagd,Net Cost (Calc Margin),012i0000001EB0nAAG,508821,0,Externally Managed,,14,CPM,3,Per campaign,Display - Frequency booster,35-54,Male
0063100000fJjBqAAK,Netherlands: 20160033,"Jan 11, 2016","Jan 31, 2016",8195,2016.FC.CAMPINA.01.AVMX-1.0,Net Cost (Calc Margin),012i0000001EB0nAAG,607037,0,Externally Managed,,13.5,CPM,3,Per campaign,Video - Preroll 20s,25-55,Female
0063100000fJj9TAAS,Netherlands: 20160286,"May 2, 2016","May 15, 2016",18500.47,4 mei: Akkoord op test inzet Youtube,Net Cost (Calc Margin),012i0000001EB0nAAG,1370405,0,Externally Managed,,13.5,CPM,3,Per campaign,Video - Preroll 20s,20-35,
0063100000fJjB7AAK,Netherlands: 20150808,"Nov 20, 2015","Jan 3, 2016",32200,Week 50 uitsluiten met eerste contacten bereiken. Enkel retargeting.,Net Cost (Calc Margin),012i0000001EB0nAAG,2800000,0,Externally Managed,,11.5,CPM,3,Per campaign,Xaxis TV,18-30,
0063100000fJjCeAAK,Netherlands: 20160294,"May 9, 2016","May 15, 2016",2181.94,Vemedia_JFM_OLV_Mei_2016,Net Cost (Calc Margin),012i0000001EB0nAAG,161625,0,Externally Managed,,13.5,CPM,3,Per campaign,Video - Preroll 20s,30-44,Male
0063100000fJj9SAAS,Netherlands: 20160099,"Feb 12, 2016","Mar 13, 2016",7499.99,Huawei MateS Display - Feb-Mar 2016,Net Cost (Calc Margin),012i0000001EB0nAAG,428571,0,Externally Managed,,17.5,CPM,3,Per campaign,Rich Media - Skin,20-49,
0063100000fJjCnAAK,Netherlands: 20150777,"Dec 21, 2015","Jan 1, 2016",5897.81,KeukenConcurrent week 52-53,Net Cost (Calc Margin),012i0000001EB0nAAG,436875,0,Externally Managed,,13.5,CPM,3,Per campaign,Xaxis TV,20-34,
0063100000fJj9lAAC,Netherlands: 20160185,"May 2, 2016","May 8, 2016",8850.01,Hier volgt een creditatie voor,Net Cost (Calc Margin),012i0000001EB0nAAG,655556,0,Externally Managed,,13.5,CPM,3,Per campaign,Video - Preroll 20s,25-45,
0063100000fJj9NAAS,Netherlands: 20160152,"Mar 1, 2016","Apr 30, 2016",13136.91,Shurgard - OLV - Mar-Jun 2016 - Flight 1,Net Cost (Calc Margin),012i0000001EB0nAAG,1142340,0,Externally Managed,,11.5,CPM,3,Per campaign,Mobile - Video,25-55,
0063100000fJjA5AAK,Netherlands: 20160049,"Jan 15, 2016","Feb 1, 2016",9227.32,Doelgroep is opgevraagd bij Boris door Martina,Net Cost (Calc Margin),012i0000001EB0nAAG,683505,0,Externally Managed,,13.5,CPM,3,Per campaign,Video - Preroll 20s,20-50,Female
0063100000fJjCXAA0,Netherlands: 20160222,"Apr 24, 2016","Apr 26, 2016",6316.35,Doelgroep kan niet verbreed worden.,Net Cost (Calc Margin),012i0000001EB0nAAG,467878,0,Externally Managed,,13.5,CPM,3,Per campaign,Video - Preroll 20s,25-35,
0063100000fJjChAAK,Netherlands: 20160267,"May 16, 2016","May 28, 2016",2607.11,MAX-92133-2016-0183 -- Sky Radio Disney Actie OLV - mei 2016,Net Cost (Calc Margin),012i0000001EB0nAAG,193119,0,Externally Managed,,13.5,CPM,3,Per campaign,Video - Preroll 20s,25-40,Female
0063100000fJjAkAAK,Netherlands: 20160390,"Jun 27, 2016","Jul 10, 2016",637.5,"Tablet en Smartphone, web en In-app. Doelgroep betreft 30+ en Zandvoort met een straal van 5 km. Let op: er is nog een tweede flight (20160391)",Net Cost (Calc Margin),012i0000001EB0nAAG,106250,0,Externally Managed,,6,CPM,5,Per campaign,Mobile - Halfpage ad,30+,
0063100000fJjAoAAK,Netherlands: 20160179,"Apr 3, 2016","Apr 17, 2016",2082.5,"Desktop+tablet- Doelgroep moet zich in Nijmegen+verzorgingsgebied bevinden Verzorgingsgebied bestaat uit: Nijmegen en Arnhem, gemeenten Lingerwaard, Overbetuwe, Oss, Wijchen, Beuningen,  Ede, Apeldoorn en Rheden Deventer, Boxmeer en Uden.",Net Cost (Calc Margin),012i0000001EB0nAAG,757272,0,Externally Managed,,2.75,CPM,6,Per campaign,Display - Standard,30-50,Female
0063100000fJjCFAA0,Netherlands: 20160422,"Aug 22, 2016","Sep 1, 2016",4590,STIVA tijdvak,Net Cost (Calc Margin),012i0000001EB0nAAG,399130,0,Externally Managed,,11.5,CPM,2,Per campaign,Mobile - Video,25-34,
0063100000fJjBuAAK,Netherlands: 20160001,"Jan 4, 2016","Jan 22, 2016",35080.06,2016.FC.OPTIMEL.ONLINE-2.0,Net Cost (Calc Margin),012i0000001EB0nAAG,11693352,0,Externally Managed,,3,CPM,,,Display - Sync,,
0063100000fJjB1AAK,Netherlands: 20160044,"Feb 1, 2016","Feb 21, 2016",23951.12,2016.IKEA.NEWS.BED.02.OLV-1.0,Net Cost (Calc Margin),012i0000001EB0nAAG,1774157,0,Externally Managed,,13.5,CPM,3,Per campaign,Video - Preroll 20s,20-34,Female
0063100000fJjC4AAK,Netherlands: 20160188,"Mar 16, 2016","Mar 20, 2016",2097.03,2016.FC.MILNER.03.AVMX-1.0,Net Cost (Calc Margin),012i0000001EB0nAAG,182350,0,Externally Managed,,11.5,CPM,2,Per campaign,Mobile - Video,20-34,Female
0063100000fJjBWAA0,Netherlands: 20160165,"Mar 14, 2016","Apr 3, 2016",14174.6,"25 sec video,doelgroep was oorpsronkelijk 35-49",Net Cost (Calc Margin),012i0000001EB0nAAG,944973,0,Externally Managed,,15,CPM,3,Per campaign,Video - Preroll 30s,25-45,
0063100000fJjAvAAK,Netherlands: 20160405,"Jul 4, 2016","Jul 31, 2016",19039.16,30 sec video 22-7 met een week verlengd,Net Cost (Calc Margin),012i0000001EB0nAAG,1269277,0,Externally Managed,,15,CPM,3,Per campaign,Video - Preroll 30s,25-45,
0063100000fJj9UAAS,Netherlands: 20160274,"Apr 22, 2016","May 29, 2016",680,MAX-126634-2016-0163 -- P9 Launch- Apr-Jun 2016,Net Cost (Calc Margin),012i0000001EB0nAAG,50370,0,Externally Managed,"Retargeting op basis van de homepage take-over op nu.nl op 22 juni. De retargetingpixel is reeds verstuurd naar GroupM Traffic. Retargeting moet plaats vinden op 22-40 jaar en de Turbine segmenten Arts & Entertainment (zonder subsegment Gossip), Science, Technology & Computing, Style & Fashion. Het is bekend dat de retargeting op deze wijze beperkt is. Op de OLV inzet wordt wederom retargeting ingezet vanuit High Impact Display en standaard Display. Frontloaden is toegestaan (hogere impressie uitlevering aan het begin van de campagne). 29 apr: Video moet gepauzeerd worden. Nieuwe creatie volgt. : Arts & Entertainment (zonder subsegment Gossip), Science, Technology & Computing, Style & Fashion",13.5,CPM,1,Per campaign,Video - Preroll 20s,22-40,
0063100000fJj9ZAAS,Netherlands: 20160234,"Apr 14, 2016","May 8, 2016",12650,MAX-128858-2016-0171 -- Zalando OLV - NL-BE - Apr May 2016 - NL inzet,Net Cost (Calc Margin),012i0000001EB0nAAG,1100000,0,Externally Managed,Gelijkmatige uitlevering van de impressies over de dagen. De hosting van de video vindt plaats in het Xaxis account. De trackers van Zalando worden verwerkt door GroupM Traffic tezamen met de trackers van Maxus-Helder.  Xaxis plaatst dan weer de trackers van GroupM in het Xaxis account zodat alle 3 de partijen mee kunnen meten.,11.5,CPM,3,Per campaign,Mobile - Video,20-39,Female
0063100000fJjBFAA0,Netherlands: 20160364,"Jun 26, 2016","Aug 10, 2016",825,2016.GEBERIT.AQUACLEAN.B2C.VTWONENSYNC.0507.ONL-1.0,Net Cost (Calc Margin),012i0000001EB0nAAG,300000,0,Externally Managed,"Sync op basis van timetargeting (Vt wonen) Er zijn twee momenten voor de sync:
SBS6 26-6 19.30-20.30 (‘reguliere herhaling’)
SBS9 10-8 19.30-20.30 (herhaling)
En de sync mag 3 uur ingezet worden; een uur ervoor, tijdens en erna. Dus de sync mag aan vanaf 18.30 tot 21.30                                                                                                                                Freq. cap van 10 per sync moment",2.75,CPM,,,Display - Standard,30-50,
0063100000fJjASAA0,Netherlands: 20150783,"Nov 18, 2015","Mar 31, 2016",825,Frank -> briefing Suzanne. Retargeting review pages partnerships,Net Cost (Calc Margin),012i0000001EB0nAAG,300000,0,Externally Managed,,2.75,CPM,5,Per campaign,Xaxis Display,18-34,
0063100000fJjBfAAK,Netherlands: 20160298,"May 3, 2016","May 6, 2016",1469.45,MEC-98992-2016-0744 -- 2016.ETOS.ACTIE.VOD-1.0,Net Cost (Calc Margin),012i0000001EB0nAAG,127778,0,Externally Managed,,11.5,CPM,1,Per campaign,Mobile - Video,20-34,Female
0063100000fJjAsAAK,Netherlands: 20160157,"Mar 7, 2016","Mar 20, 2016",11145.2,Ford KUGA FO_maart-2016,Net Cost (Calc Margin),012i0000001EB0nAAG,825570,0,Externally Managed,,13.5,CPM,3,Per campaign,Video - Preroll 20s,25-54,
0063100000fJjBEAA0,Netherlands: 20160041,"Feb 15, 2016","Mar 27, 2016",0,2016.GEBERIT.AQUACLEAN.B2C.0205.ONL-1.0,Net Cost (Calc Margin),012i0000001EB0nAAG,3400000,0,Externally Managed,,0,CPM,7,Per campaign,Display - Standard Visibility,,
0063100000fJjARAA0,Netherlands: 20150779,"Nov 18, 2015","Mar 6, 2016",43108.89,Frank -> briefing Suzanne. Retargeting preroll viewers,Net Cost (Calc Margin),012i0000001EB0nAAG,15675960,0,Externally Managed,,2.75,CPM,3,Per campaign,Xaxis Display,18-34,
0063100000fJjCXAA0,Netherlands: 20160223,"May 1, 2016","May 5, 2016",6038.55,Doelgroep kan niet verbreed worden. 4 mei: Akkoord op test inzet Youtube. En inzet Smartphone (web).,Net Cost (Calc Margin),012i0000001EB0nAAG,447300,0,Externally Managed,,13.5,CPM,3,Per campaign,Video - Preroll 20s,25-35,
0063100000fJj9oAAC,Netherlands: 20160336,"Jun 13, 2016","Jul 3, 2016",7799.6,27-6: Mobile toegevoegd en outstream aan toegevoegd.,Net Cost (Calc Margin),012i0000001EB0nAAG,577748,0,Externally Managed,,13.5,CPM,3,Per campaign,Video - Preroll 20s,25-45,
0063100000fJjAnAAK,Netherlands: 20160399,"Jul 11, 2016","Nov 29, 2016",1041.25,Regiotargeting: Breda,Net Cost (Calc Margin),012i0000001EB0nAAG,378636,0,Externally Managed,,2.75,CPM,7,Per campaign,Display - Standard,25+,
0063100000fJj9GAAS,Netherlands: 20160285,"Jun 9, 2016","Jun 22, 2016",10382.16,3-6: Campagne is verschoven naar 9-6 tm 22-6,Net Cost (Calc Margin),012i0000001EB0nAAG,769049,0,Externally Managed,,13.5,CPM,3,Per campaign,Video - Preroll 20s,25-54,
0063100000fJj9mAAC,Netherlands: 20160280,"May 2, 2016","May 29, 2016",10800,Doelgroep Boodschappers aanmaken middels Turbine (check bij Sjoerd),Net Cost (Calc Margin),012i0000001EB0nAAG,800000,0,Externally Managed,,13.5,CPM,3,Per campaign,Video - Preroll 20s,25-45,
0063100000fJj9OAAS,Netherlands: 20160097,"May 1, 2016","Jun 30, 2016",9943.68,"Divorce,Apartments, Business construction, Real estate- Buying selling homes/remodeling and construction, Vintage cars met motorcycles en minivan. Collecting. Travel",Net Cost (Calc Margin),012i0000001EB0nAAG,736569,0,Externally Managed,,13.5,CPM,3,Per campaign,Video - Preroll 20s,25-55,
0063100000fJj9LAAS,Netherlands: 20160420,"Jul 4, 2016","Aug 28, 2016",15000,"MKB, Bestelautos,Business oriented.  Doelgroep verduidelijking gevraagd bij Boris, zie mail in traffic inbox.",Net Cost (Calc Margin),012i0000001EB0nAAG,857143,0,Externally Managed,,17.5,CPM,3,Per campaign,Rich Media - Skin,30-60,Male
0063100000fJj9RAAS,Netherlands: 20160100,"Feb 8, 2016","Feb 28, 2016",8633.34,"Uitzendinstructies:
KPN                                      9 t/m 14 februari
T-mobile & Vodafone   15 t/m 28 februari (alternerend)",Net Cost (Calc Margin),012i0000001EB0nAAG,639507,0,Externally Managed,,13.5,CPM,3,Per campaign,Video - Preroll 20s,20-35,
0063100000fJjAcAAK,Netherlands: 20160255,"May 2, 2016","May 20, 2016",2065.5,Targeting op provincie Groningen en Drenthe + Vrouwen 18-55,Net Cost (Calc Margin),012i0000001EB0nAAG,751090,0,Externally Managed,,2.75,CPM,7,Per campaign,Display - Standard,18-55,Female
0063100000fJjCLAA0,Netherlands: 20160254,"Apr 25, 2016","May 8, 2016",5087.25,04 mei: Smartphone (web) is geactiveerd voor het Hemelvaart weekend.,Net Cost (Calc Margin),012i0000001EB0nAAG,376833,0,Externally Managed,,13.5,CPM,2,Per campaign,Video - Preroll 20s,20-34,
0063100000fJjBZAA0,Netherlands: 20160017,"Jan 4, 2016","Jan 17, 2016",20586.57,2016.ETOS.PRIJS.WWW.AVM-1.0,Net Cost (Calc Margin),012i0000001EB0nAAG,1524931,0,Externally Managed,,13.5,CPM,3,Per campaign,Video - Preroll 20s,20-34,Female
0063100000fJjAJAA0,Netherlands: 20160030,"Jan 2, 2016","Jan 17, 2016",17882.3,Volvo_OLV_V60_Winter_jan_2016,Net Cost (Calc Margin),012i0000001EB0nAAG,1324615,0,Externally Managed,,13.5,CPM,3,Per campaign,Video - Preroll 20s,35-54,Male
0063100000fJjBwAAK,Netherlands: 20160054,"Feb 1, 2016","Feb 21, 2016",11657.75,Doelgroep: boodschappers + kind,Net Cost (Calc Margin),012i0000001EB0nAAG,863537,0,Externally Managed,,13.5,CPM,3,Per campaign,Video - Preroll 20s,25-54,Female
0063100000fJjARAA0,Netherlands: 20150778,"Nov 18, 2015","Feb 21, 2016",46874.94,Frank -> briefing Suzanne,Net Cost (Calc Margin),012i0000001EB0nAAG,3472218,0,Externally Managed,,13.5,CPM,2,Per campaign,Xaxis TV,18-34,
0063100000fJjBCAA0,Netherlands: 20160248,"May 23, 2016","Jun 12, 2016",17124.94,Stond  7-6-16  op stil. Gelijkmatige uitlevering s.v.p. DMA tag wordt meegeschoten. CAP verhoogd naar 2,Net Cost (Calc Margin),012i0000001EB0nAAG,1268514,0,Externally Managed,,13.5,CPM,1,Per campaign,Video - Preroll 20s,18-34,
0063100000fJjAhAAK,Netherlands: 20160348,"Jun 6, 2016","Jun 24, 2016",2490,MBA-80912-2016-0209 -- Friday Night Out Jan Smit,Net Cost (Calc Margin),012i0000001EB0nAAG,199200,0,Externally Managed,,12.5,CPM,5,Per campaign,Display - Half Page Ad,25-55,
0063100000fJjAtAAK,Netherlands: 20160245,"Apr 18, 2016","May 31, 2016",11999.99,Inzet op Turbine segmenten : Gehele segment Business en subsegment Automotive_Wagon,Net Cost (Calc Margin),012i0000001EB0nAAG,857142,0,Externally Managed,,14,CPM,3,Per campaign,Display - Frequency booster,,
0063100000fJjAXAA0,Netherlands: 20160103,"Mar 7, 2016","Mar 25, 2016",2749.75,Targeting op 40-65 jaar in de provincie Groningen en Drenthe,Net Cost (Calc Margin),012i0000001EB0nAAG,999909,0,Externally Managed,,2.75,CPM,7,Per campaign,Display - Standard,40-65,
0063100000fJjCkAAK,Netherlands: 20160148,"Mar 21, 2016","Apr 10, 2016",18025.94,Deze GEPL is geannuleerd.,Net Cost (Calc Margin),012i0000001EB0nAAG,1335255,0,Externally Managed,,13.5,CPM,3,Per campaign,Video - Preroll 20s,20-34,Female
0063100000fJjBRAA0,Netherlands: 20160134,"Feb 29, 2016","Mar 13, 2016",11537.05,"De Video Zaklamp wordt ingezet broadcasters en de cutdown van 20 sec voor de overige kanalen (TMG, Sanoma etc). Graag separaat meemeten. Metrixlab meet mee!",Net Cost (Calc Margin),012i0000001EB0nAAG,854596,0,Externally Managed,,13.5,CPM,3,Per campaign,Video - Preroll 20s,35-49,
0063100000fJjA6AAK,Netherlands: 20160050,"Jan 15, 2016","Feb 1, 2016",11615.24,Doelgroep is opgevraagd bij Boris door Martina,Net Cost (Calc Margin),012i0000001EB0nAAG,829660,0,Externally Managed,,14,CPM,3,Per campaign,Display - Frequency booster,20-50,Female
0063100000fJjBLAA0,Netherlands: 20160365,"Jun 1, 2016","Jun 14, 2016",11365.56,Stage_Beauty and The Beast_OLV_Juni_2016,Net Cost (Calc Margin),012i0000001EB0nAAG,841893,0,Externally Managed,,13.5,CPM,3,Per campaign,Video - Preroll 20s,20-49,
0063100000fJjCoAAK,Netherlands: 20160316,"May 17, 2016","Jun 5, 2016",2931.84,MAX-118157-2016-0232 -- TOMY TOYS OLV,Net Cost (Calc Margin),012i0000001EB0nAAG,217173,0,Externally Managed,,13.5,CPM,3,Per campaign,Video - Preroll 20s,,
0063100000fJjCSAA0,Netherlands: 20160326,"Jun 6, 2016","Jun 30, 2016",37244.4,MEC-106034-2016-0974 -- 2016.BOL.THEMA.ZOMER.VOD-1.0,Net Cost (Calc Margin),012i0000001EB0nAAG,2979552,0,Externally Managed,"cap 2 en 1 op dagbasis. Voor de Xaxis inzet willen we graag een cap 1 per device(groep): desktop + tablet web, smartphone en tablet in app  en smartphone web. 50% van de impressies op Desktop en 50% van de impressies Mobile In-app. 100.000 compensatie impressies bij desktop omdat de cap bij start vd campagne verkeerd ingesteld stond.",12.5,CPM,2,Per campaign,Video - Preroll 20s,20-34,
0063100000fJjA4AAK,Netherlands: 20160259,"Oct 3, 2016","Oct 22, 2016",9999.99,MAX-99572-2016-0192 -- Karcher Window Vac Display - Apr-Oct 2016,Net Cost (Calc Margin),012i0000001EB0nAAG,714285,0,Externally Managed,,14,CPM,3,Per campaign,Display - Frequency booster,20-49,Female
0063100000fJjCBAA0,Netherlands: 20160213,"Apr 4, 2016","May 1, 2016",14855,"Meemeting vanuit Atlas, graag goed uitleveren in de doelgroep",Net Cost (Calc Margin),012i0000001EB0nAAG,1100370,0,Externally Managed,,13.5,CPM,2,Per campaign,Video - Preroll 20s,20-49,Female
0063100000fJjBrAAK,Netherlands: 20160010,"Jan 4, 2016","Jan 31, 2016",8024.35,2016.FC.MILNER.01.AVMX-1.0,Net Cost (Calc Margin),012i0000001EB0nAAG,594396,0,Externally Managed,,13.5,CPM,3,Per campaign,Video - Preroll 20s,20-34,Female
0063100000fJjBTAA0,Netherlands: 20160357,"Jun 20, 2016","Jul 10, 2016",0,MEC-50355-2016-1029 -- 2016.AEGON.HYPOTHEEK.WONEN.0607.OLV-1.0,Net Cost (Calc Margin),012i0000001EB0nAAG,0,0,Externally Managed,,11.5,CPM,3,Per campaign,Mobile - Video,20-49,
0063100000fJj9tAAC,Netherlands: 20160093,"Feb 8, 2016","Feb 29, 2016",9296.17,Karcher Multi Vac Display - Jan-Dec 2016,Net Cost (Calc Margin),012i0000001EB0nAAG,664012,0,Externally Managed,,14,CPM,3,Per campaign,Display - Frequency booster,24-45,Male
0063100000fJjB9AAK,Netherlands: 20160061,"Jan 14, 2016","Jan 31, 2016",23321.69,2016.TELE2.CONSUMENT.YOKO.01.OLV-1.0,Net Cost (Calc Margin),012i0000001EB0nAAG,2027973,0,Externally Managed,,11.5,CPM,3,Per campaign,Mobile - Video,16-30,
0063100000fJj9QAAS,Netherlands: 20160142,"Mar 18, 2016","Mar 31, 2016",2125,Doelgroep: Rotterdam,Net Cost (Calc Margin),012i0000001EB0nAAG,772727,0,Externally Managed,,2.75,CPM,7,Per campaign,Display - Standard,35-65,
0063100000fJjCgAAK,Netherlands: 20160140,"Mar 28, 2016","Apr 1, 2016",2212.34,Gelijkmatig uitleveren. Het moet een 10 sec spot worden.,Net Cost (Calc Margin),012i0000001EB0nAAG,163877,0,Externally Managed,,13.5,CPM,3,Per campaign,Video - Preroll 20s,25-40,Female
0063100000fJjCKAA0,Netherlands: 20160135,"Mar 26, 2016","Apr 22, 2016",92651.47,"Doelgroep mag in overleg verbreed worden(ze willen zich voornamelijk op lezers richten). Sturen in contactklassen 3-5, minimaal 50% bereik in doelgroep. + houdt rekening met de viewability (ahold policy)",Net Cost (Calc Margin),012i0000001EB0nAAG,6617962,0,Externally Managed,,14,CPM,5,Per campaign,Display - Frequency booster,35-45,
0063100000fJj9VAAS,Netherlands: 20160359,"May 20, 2016","Jun 30, 2016",6797.86,Verlenging is niet mogelijk. : Business_Entrepreneurs,Net Cost (Calc Margin),012i0000001EB0nAAG,388449,0,Externally Managed,,17.5,CPM,3,Per campaign,Rich Media - Skin,None,
0063100000fJjCJAA0,Netherlands: 20160136,"Mar 29, 2016","Apr 15, 2016",21000,MEC-106034-2016-0391 -- 2016.BOL.WMAR.DL.ONL-1.0,Net Cost (Calc Margin),012i0000001EB0nAAG,3500000,0,Externally Managed,"(ma t/m vrij: 7.00- 9.30 en 16.30 – 19.00). Regionale targeting inzetten op basis van GPS in de buurt van stations en OV knooppunten straal van 1000 meter. Uitlevering in portals waar volume piekt, zoals nieuws, weer, verkeer, entertainment (eventueel social media kanalen). cap 5 over de formaten heen",6,CPM,5,Per campaign,Mobile - Halfpage ad,None,
0063100000fJjAUAA0,Netherlands: 20160090,"Feb 15, 2016","Feb 26, 2016",1101.6,"2 vragen bij petra liggen: wat is de doelgroep en wat is de cap? extra info: bannering in Zandvoort straal 15 km, De Friday Night Out vindt plaats op 26 februari. De campagne dient daarom te
lopen tot en met deze dag.",Net Cost (Calc Margin),012i0000001EB0nAAG,400581,0,Externally Managed,,2.75,CPM,7,Per campaign,Display - Standard,30-65,
0063100000fJjA8AAK,Netherlands: 20160191,"Mar 16, 2016","Apr 10, 2016",9999.99,Doelgroep nagevraagd,Net Cost (Calc Margin),012i0000001EB0nAAG,714285,0,Externally Managed,,14,CPM,3,Per campaign,Display - Frequency booster,35-54,Male
0063100000fJjApAAK,Netherlands: 20160021,"Jan 4, 2016","Jan 17, 2016",7230.8,S-Max_OLV_JAN_2016,Net Cost (Calc Margin),012i0000001EB0nAAG,535615,0,Externally Managed,,13.5,CPM,3,Per campaign,Video - Preroll 20s,25-35,
0063100000fJjCmAAK,Netherlands: 20160238,"Apr 18, 2016","May 22, 2016",18333.33,Jaguar_XE_Online_April_Mei_2016,Net Cost (Calc Margin),012i0000001EB0nAAG,1222222,0,Externally Managed,"Graag 2 line items opzetten: 1) Turbine segment Business en Automotive_Luxury en 2) Mannen 30-50 jaar. Hoogste prioriteit gaat uit naar line item 1. De verwachting is dat we te weinig users terugvinden, vandaar toevoeging line item 2. : Business en Automotive_Luxury",15,CPM,4,Per campaign,Display - Billboard Ad,30-50,Male
0063100000fJjB4AAK,Netherlands: 20160262,"May 9, 2016","Jun 6, 2016",26725.69,"25 sec video, 6-6: mag max 3 dagen verlengd worden",Net Cost (Calc Margin),012i0000001EB0nAAG,2323973,0,Externally Managed,,11.5,CPM,3,Per campaign,Mobile - Video,20-39,Female
0063100000fJjBvAAK,Netherlands: 20160068,"Feb 1, 2016","Feb 21, 2016",0,"BDS+Kind- 20 sec cap 3, PAUZE van 8 t/m 14feb. Deze order is gecanceled.",Net Cost (Calc Margin),012i0000001EB0nAAG,370096,0,Externally Managed,,13.5,CPM,3,Per campaign,Video - Preroll 20s,25-54,Female
0063100000fJjC0AAK,Netherlands: 20160057,"Feb 8, 2016","Feb 28, 2016",12925.52,2016.FC.VIFIT.02.AVMX-1.0,Net Cost (Calc Margin),012i0000001EB0nAAG,957446,0,Externally Managed,,13.5,CPM,3,Per campaign,Video - Preroll 20s,20-34,
0063100000fJj9gAAC,Netherlands: 20160026,"Jan 1, 2016","Feb 7, 2016",2337.5,2015-01 Activia AV Good Intentions,Net Cost (Calc Margin),012i0000001EB0nAAG,173148,0,Externally Managed,,13.5,CPM,3,Per campaign,Video - Preroll 20s,25-40,Female
0063100000fJjAfAAK,Netherlands: 20160228,"May 30, 2016","Jun 17, 2016",2200,Targeting op provincie Groningen en Drenthe. Materiaal wordt aangeleverd op 24 mei.,Net Cost (Calc Margin),012i0000001EB0nAAG,800000,0,Externally Managed,,2.75,CPM,7,Per campaign,Display - Standard,18-40,
0063100000fJjARAA0,Netherlands: 20150783,"Nov 18, 2015","Mar 31, 2016",825,Frank -> briefing Suzanne. Retargeting review pages partnerships,Net Cost (Calc Margin),012i0000001EB0nAAG,300000,0,Externally Managed,,2.75,CPM,5,Per campaign,Xaxis Display,18-34,
0063100000fJj9LAAS,Netherlands: 20160419,"Jul 4, 2016","Aug 28, 2016",15000,"Middel Klein Bedrijf, Bestelautos, Business oriented. Doelgroep verduidelijking gevraagd bij Boris, zie mail in traffic inbox.",Net Cost (Calc Margin),012i0000001EB0nAAG,1111111,0,Externally Managed,,13.5,CPM,3,Per campaign,Video - Preroll 20s,30-60,Male
0063100000fJjAFAA0,Netherlands: 20160194,"Jun 6, 2016","Jun 18, 2016",7123.49,Doelgroep nagevraagd,Net Cost (Calc Margin),012i0000001EB0nAAG,508821,0,Externally Managed,,14,CPM,3,Per campaign,Display - Frequency booster,35-54,Male
0063100000fJjBAAA0,Netherlands: 20160076,"Feb 26, 2016","Mar 13, 2016",22856.84,tablet & smartphone - Nieuw materiaal,Net Cost (Calc Margin),012i0000001EB0nAAG,1987551,0,Externally Managed,,11.5,CPM,3,Per campaign,Mobile - Video,18-30,
0063100000fJj99AAC,Netherlands: 20160048,"Jan 27, 2016","Feb 14, 2016",9053.99,2016.Eneco_Toon_jan-feb,Net Cost (Calc Margin),012i0000001EB0nAAG,670666,0,Externally Managed,,13.5,CPM,3,Per campaign,Video - Preroll 20s,25-34,
0063100000fJj9WAAS,Netherlands: 20160130,"Feb 22, 2016","Mar 20, 2016",22930.99,"BE inzet: Targeting: 60% Vlaanderen - 40% Wallonie, 60% Vrouwen 40% Mannen. Graag aparte line items aanmaken. Graag kwalitatieve inzet aangezien complete sitelist (eenmalig) moet worden verstuurd.",Net Cost (Calc Margin),012i0000001EB0nAAG,1348882,0,Externally Managed,,17,CPM,3,Per campaign,Video - Preroll 20s,20-39,
0063100000fJjBoAAK,Netherlands: 20160007,"Jan 4, 2016","Jan 24, 2016",4996.3,Let op: Offline van 11 tot en met 17 Januari,Net Cost (Calc Margin),012i0000001EB0nAAG,370096,0,Externally Managed,,13.5,CPM,3,Per campaign,Video - Preroll 20s,25-55,Female
0063100000fJjBzAAK,Netherlands: 20160056,"Feb 1, 2016","Feb 28, 2016",6975.53,2016.FC.OPTIMEL.02.AVMX-1.0,Net Cost (Calc Margin),012i0000001EB0nAAG,516706,0,Externally Managed,,13.5,CPM,3,Per campaign,Video - Preroll 20s,20-34,Female
0063100000fJj9aAAC,Netherlands: 20160308,"May 17, 2016","Jun 5, 2016",6750,MAX-128858-2016-0227 -- Zalando OLV - NL-BE - May June 2016 -SS16 flight 3,Net Cost (Calc Margin),012i0000001EB0nAAG,500000,0,Externally Managed,"Graag de eerste week 250.000 impressies inzetten. De resterende 250.000 impressies gelijkwaardig verdelen over de weken. Graag een pixel plaatsen op click en op view, Light Reaction gaat deze pool gebruiken voor verdere inzet. De hosting van de video vindt plaats in het Xaxis account. De trackers van Zalando worden verwerkt door GroupM Traffic tezamen met de trackers van Maxus-Helder.  Xaxis plaatst dan weer de trackers van GroupM in het Xaxis account zodat alle 3 de partijen mee kunnen meten.",13.5,CPM,3,Per campaign,Video - Preroll 20s,20-39,Female
0063100000fJjCaAAK,Netherlands: 20160027,"Jan 11, 2016","Jan 31, 2016",7299.64,2016-01 BEN PRE-ROLL Q1,Net Cost (Calc Margin),012i0000001EB0nAAG,540714,0,Externally Managed,,13.5,CPM,3,Per campaign,Video - Preroll 20s,,
0063100000fJj9uAAC,Netherlands: 20160191,"Mar 16, 2016","Apr 10, 2016",9999.99,Doelgroep nagevraagd,Net Cost (Calc Margin),012i0000001EB0nAAG,714285,0,Externally Managed,,14,CPM,3,Per campaign,Display - Frequency booster,35-54,Male
0063100000fJj9YAAS,Netherlands: 20160242,"Apr 14, 2016","May 8, 2016",5500,Gelijkmatige uitlevering van de impressies over de dagen.,Net Cost (Calc Margin),012i0000001EB0nAAG,275000,0,Externally Managed,,20,CPM,3,Per campaign,Video - Preroll 30s,20-39,Female
0063100000fJj9JAAS,Netherlands: 20160470,"Jul 25, 2016","Jul 31, 2016",6020.1,MAX-79995-2016-0407 -- Alfa Romeo Giulia OLV juli,Net Cost (Calc Margin),012i0000001EB0nAAG,445933,0,Externally Managed,,13.5,CPM,3,Per campaign,Video - Preroll 20s,25-54,
0063100000fJjCIAA0,Netherlands: 20160138,"Mar 29, 2016","Apr 8, 2016",20633,"De Video is 25"". 01-04: De cap is aangepast van 2 naar 3.",Net Cost (Calc Margin),012i0000001EB0nAAG,1375533,0,Externally Managed,,15,CPM,3,Per campaign,Video - Preroll 30s,20-34,
0063100000fJjAPAA0,Netherlands: 20150847,"Dec 24, 2015","Feb 29, 2016",10000,Online Winter Nordic,Net Cost (Calc Margin),012i0000001EB0nAAG,714286,0,Externally Managed,,14,CPM,3,Per campaign,Xaxis Display,35-55,
0063100000fJjB9AAK,Netherlands: 20160047,"Jan 14, 2016","Jan 31, 2016",24570,Bestaande spot,Net Cost (Calc Margin),012i0000001EB0nAAG,1820000,0,Externally Managed,,13.5,CPM,3,Per campaign,Video - Preroll 20s,16-30,
0063100000fJjBTAA0,Netherlands: 20160356,"Jun 20, 2016","Jul 10, 2016",0,MEC-50355-2016-1029 -- 2016.AEGON.HYPOTHEEK.WONEN.0607.OLV-1.0,Net Cost (Calc Margin),012i0000001EB0nAAG,0,0,Externally Managed,"70% van de impressies op 20-49 en 30% van de impressies op de Turbine segmenten RealEstate + Finance. Belangrijk hierbij is dat de twee doelgroepen van elkaar ontdubbeld worden, zodat de cap 3 in het geheel over beiden gaat. : Real Estate_Buying/Selling homes & Finance_Credit/Debts & Loans",13.5,CPM,3,Per campaign,Video - Preroll 20s,20-49,
0063100000fJj9vAAC,Netherlands: 20160190,"Mar 22, 2016","Apr 11, 2016",19099.99,doelgroep+cap nagevraagd,Net Cost (Calc Margin),012i0000001EB0nAAG,1414814,0,Externally Managed,,13.5,CPM,3,Per campaign,Video - Preroll 20s,35-54,Male
0063100000fJjA0AAK,Netherlands: 20160193,"May 2, 2016","May 22, 2016",11684.5,Doelgroep nagevraagd,Net Cost (Calc Margin),012i0000001EB0nAAG,834607,0,Externally Managed,,14,CPM,3,Per campaign,Display - Frequency booster,35-54,Male
0063100000fJjASAA0,Netherlands: 20150779,"Nov 18, 2015","Mar 6, 2016",43108.89,Frank -> briefing Suzanne. Retargeting preroll viewers,Net Cost (Calc Margin),012i0000001EB0nAAG,15675960,0,Externally Managed,,2.75,CPM,3,Per campaign,Xaxis Display,18-34,
0063100000fJjB2AAK,Netherlands: 20160113,"Mar 7, 2016","Mar 23, 2016",16810.78,MEC-43633-2016-0305 -- 2016.IKEA.NEWS.BED.03.OLV-1.0,Net Cost (Calc Margin),012i0000001EB0nAAG,1245243,0,Externally Managed,,13.5,CPM,3,Per campaign,Video - Preroll 20s,20-34,Female
0063100000fJjCYAA0,Netherlands: 20160176,"Apr 17, 2016","May 7, 2016",12699.92,Doelgroep kan niet verbreed worden. 4 mei: Akkoord op test inzet Youtube. En inzet Smartphone (web).,Net Cost (Calc Margin),012i0000001EB0nAAG,940735,0,Externally Managed,,13.5,CPM,3,Per campaign,Video - Preroll 20s,25-35,
0063100000fJjAOAA0,Netherlands: 20160081,"Feb 1, 2016","Feb 14, 2016",14901.92,Volvo_OLV_V60_Winter_feb_2016,Net Cost (Calc Margin),012i0000001EB0nAAG,1103846,0,Externally Managed,,13.5,CPM,3,Per campaign,Video - Preroll 20s,35-54,Male
0063100000fJjBjAAK,Netherlands: 20160403,"Jul 11, 2016","Aug 7, 2016",43200,2016.ETOS.DAGACTIE.ONL-1.0,Net Cost (Calc Margin),012i0000001EB0nAAG,7200000,0,Externally Managed,"• We gaan deze campagne zelf doen. Niet Mobpro.                                                                                                                                                                                                                                                              • Doelstelling campagne: Uniek bereik
• Uitlevering: Maandag vanaf 12.00 t/m zaterdag 17.00, iedere week op maandag een nieuwe cube met de aanbiedingen van die week (smartphone only). Dit gebeurt automatisch.
• Looptijd: 4 weken (week 28 t/m 31)
• Formaten: halfpage ad; om hierin de swibe cube te kunnen vertonen. alleen in app
• Uitlevering: grote nieuws-, weer-, entertainment en lifestyle portals 
• sturen op 3-5 contacten per week 

Voor Etos is een eerder campagne via jullie dit jaar helaas niet goed gegaan, dus is het extra belangrijk dat deze wel goed gaat.",6,CPM,,,Mobile - Halfpage ad,None,
0063100000fJjCFAA0,Netherlands: 20160421,"Aug 22, 2016","Sep 1, 2016",5669.16,STIVA tijdvak,Net Cost (Calc Margin),012i0000001EB0nAAG,419938,0,Externally Managed,,13.5,CPM,2,Per campaign,Video - Preroll 20s,25-34,
0063100000fJj9YAAS,Netherlands: 20160240,"Apr 14, 2016","May 8, 2016",5500,Gelijkmatige uitlevering van de impressies over de dagen. : Style&Fashion,Net Cost (Calc Margin),012i0000001EB0nAAG,220000,0,Externally Managed,,25,CPM,3,Per campaign,Video - Preroll 30s,,
0063100000fJjAzAAK,Netherlands: 20160012,"Jan 4, 2016","Jan 31, 2016",33530.13,2016.IKEA.NEW.LIGHTING.01.OLV.-1.0,Net Cost (Calc Margin),012i0000001EB0nAAG,2483713,0,Externally Managed,,13.5,CPM,3,Per campaign,Video - Preroll 20s,20-34,Female
0063100000fJjBSAA0,Netherlands: 20160169,"Mar 21, 2016","Apr 3, 2016",10070.1,geen adkosten wel meemeten.,Net Cost (Calc Margin),012i0000001EB0nAAG,745933,0,Externally Managed,,13.5,CPM,3,Per campaign,Video - Preroll 20s,35-54,
0063100000fJjATAA0,Netherlands: 20160101,"Feb 8, 2016","Feb 26, 2016",935,Targeting op Breda met een straal van 45 km,Net Cost (Calc Margin),012i0000001EB0nAAG,155833,0,Externally Managed,,6,CPM,6,Per campaign,Mobile - Halfpage ad,18-50,
0063100000fJjBOAA0,Netherlands: 20150798,"Nov 30, 2015","Jan 3, 2016",36396.32,2015.AEGON.COMMUNICATIE.MERKCAMPAGNE.1112.OLV-1.0,Net Cost (Calc Margin),012i0000001EB0nAAG,2696024,0,Externally Managed,,13.5,CPM,3,Per campaign,Xaxis TV,20-34,
0063100000fJjBYAA0,Netherlands: 20160243,"Apr 18, 2016","May 8, 2016",15511.65,Combi Desktop & Mobile Video. O.b.v. 50% van de impressies op Desktop en 50% van de impressies op Mobile Video (In-app). Een cap van 2 per device,Net Cost (Calc Margin),012i0000001EB0nAAG,1240932,0,Externally Managed,,12.5,CPM,2,Per campaign,Video - Preroll 20s,20-34,
0063100000fJjAlAAK,Netherlands: 20160367,"Aug 8, 2016","Aug 26, 2016",1239.3,Targeting: 40-65 jaar en provincie Friesland,Net Cost (Calc Margin),012i0000001EB0nAAG,450654,0,Externally Managed,,2.75,CPM,7,Per campaign,Display - Standard,40-65,
0063100000fJjADAA0,Netherlands: 20160258,"May 1, 2016","May 12, 2016",5999.99,Karcher Window Vac Display - Apr-Oct 2016 - Flight 2,Net Cost (Calc Margin),012i0000001EB0nAAG,428571,0,Externally Managed,,14,CPM,3,Per campaign,Display - Frequency booster,20-49,Female
0063100000fJjByAAK,Netherlands: 20160055,"Feb 1, 2016","Feb 22, 2016",6975.53,2016.FC.MILNER.02.AVMX-1.0,Net Cost (Calc Margin),012i0000001EB0nAAG,516706,0,Externally Managed,,13.5,CPM,3,Per campaign,Video - Preroll 20s,20-34,Female
0063100000fJjCCAA0,Netherlands: 20160211,"Apr 18, 2016","May 8, 2016",16785,.CHOCOMEL.0405.AVMX-1.0,Net Cost (Calc Margin),012i0000001EB0nAAG,1243333,0,Externally Managed,,13.5,CPM,2,Per campaign,Video - Preroll 20s,20-49,Female
0063100000fJj9CAAS,Netherlands: 20160479,"Aug 28, 2016","Sep 20, 2016",1119.96,"Desktop en Tablet. Alleen live op zondag tussen 00:00 - 12:00 uur op basis van een cap van 2 per dag! : Arts&Entertainment_Music en Hobbies&Interests_Radio / Interest, Predicted Interest en Intent / High, Medium en Low",Net Cost (Calc Margin),012i0000001EB0nAAG,79997,0,Externally Managed,,14,CPM,2,Per campaign,Display - Frequency booster,,
0063100000fJjA7AAK,Netherlands: 20160093,"Feb 8, 2016","Feb 29, 2016",9296.17,Karcher Multi Vac Display - Jan-Dec 2016,Net Cost (Calc Margin),012i0000001EB0nAAG,664012,0,Externally Managed,,14,CPM,3,Per campaign,Display - Frequency booster,24-45,Male
0063100000fJjCoAAK,Netherlands: 20160317,"Jun 20, 2016","Jul 10, 2016",2931.84,MAX-118157-2016-0232 -- TOMY TOYS OLV,Net Cost (Calc Margin),012i0000001EB0nAAG,217173,0,Externally Managed,,13.5,CPM,4,Per campaign,Video - Preroll 20s,,
0063100000fJj9BAAS,Netherlands: 20160481,"Aug 28, 2016","Sep 20, 2016",2800,"Desktop en Tablet. Alleen live op maandag tussen 19:00 - 21:00 uur op basis van een cap van 1 per dag! : Arts&Entertainment_Music en Hobbies&Interests_Radio / Interest, Predicted Interest en Intent / High, Medium en Low",Net Cost (Calc Margin),012i0000001EB0nAAG,200000,0,Externally Managed,,14,CPM,1,Per campaign,Display - Frequency booster,,
0063100000fJjCcAAK,Netherlands: 20160206,"Apr 18, 2016","May 8, 2016",10500,TMO Roam Like Home april - mei AV,Net Cost (Calc Margin),012i0000001EB0nAAG,777778,0,Externally Managed,,13.5,CPM,4,Per campaign,Video - Preroll 20s,20-49,
0063100000fJjACAA0,Netherlands: 20160257,"Apr 14, 2016","Apr 30, 2016",9999.99,Karcher Window Vac Display - Apr-Oct 2016 - Flight 1,Net Cost (Calc Margin),012i0000001EB0nAAG,714285,0,Externally Managed,,14,CPM,3,Per campaign,Display - Frequency booster,20-49,Female
0063100000fJjCDAA0,Netherlands: 20160269,"May 8, 2016","May 13, 2016",3560.76,Alleen inzet in het STIVA tijdvak tussen 21:00-06:00 uur,Net Cost (Calc Margin),012i0000001EB0nAAG,263760,0,Externally Managed,,13.5,CPM,2,Per campaign,Video - Preroll 20s,25-34,
0063100000fJj9WAAS,Netherlands: 20160128,"Feb 22, 2016","Mar 20, 2016",14000,NL inzet: Targeting: 60% Vrouwen en 40% Mannen. Graag aparte line items aanmaken. Graag kwalitatieve inzet aangezien complete sitelist (eenmalig) moet worden verstuurd.,Net Cost (Calc Margin),012i0000001EB0nAAG,1037037,0,Externally Managed,,13.5,CPM,3,Per campaign,Video - Preroll 20s,20-39,
0063100000fJjBBAA0,Netherlands: 20160225,"Apr 22, 2016","May 18, 2016",23326.61,MEC-78754-2016-0650 -- 2016.TELE2.CONS.NO2GEORGE.0405.OLV-1.0,Net Cost (Calc Margin),012i0000001EB0nAAG,2028401,0,Externally Managed,,11.5,CPM,1,Per campaign,Mobile - Video,18-34,
0063100000fJjARAA0,Netherlands: 20150782,"Nov 18, 2015","Mar 31, 2016",1236.19,Frank -> briefing Suzanne. Retargeting website,Net Cost (Calc Margin),012i0000001EB0nAAG,449523,0,Externally Managed,,2.75,CPM,5,Per campaign,Xaxis Display,18-34,
0063100000fJjBmAAK,Netherlands: 20150766,"Nov 30, 2015","Jan 3, 2016",24754.21,2015.FC.APPELSIENTJE.111201.AVMX-1.0,Net Cost (Calc Margin),012i0000001EB0nAAG,1833645,0,Externally Managed,,13.5,CPM,3,Per campaign,Xaxis TV,20-49,Female
0063100000fJjC3AAK,Netherlands: 20160058,"Feb 15, 2016","Mar 20, 2016",0,"Dumpert en Geenstijl excluden. LET OP! week 8 en week 10 off-air! Dus alleen week 7,9 en 11 live. Orde is gecanceled.",Net Cost (Calc Margin),012i0000001EB0nAAG,387537,0,Externally Managed,,13.5,CPM,3,Per campaign,Video - Preroll 20s,20-34,Female
0063100000fJjAHAA0,Netherlands: 20160482,"Sep 1, 2016","Sep 20, 2016",8999.98,MAX-99572-2016-0360 -- Karcher Multi Vac Display - Jul 2016,Net Cost (Calc Margin),012i0000001EB0nAAG,642856,0,Externally Managed,,14,CPM,3,Per campaign,Display - Frequency booster,30-54,Male
0063100000fJjBGAA0,Netherlands: 20160207,"Apr 28, 2016","May 17, 2016",7200,04 mei: Smartphone (web) is geactiveerd voor het Hemelvaart weekend.,Net Cost (Calc Margin),012i0000001EB0nAAG,533333,0,Externally Managed,,13.5,CPM,4,Per campaign,Video - Preroll 20s,20-34,Female
0063100000fJjBsAAK,Netherlands: 20160015,"Jan 1, 2016","Jan 31, 2016",10075.9,2016.FC.OPTIMEL.01.AVMX-1.0,Net Cost (Calc Margin),012i0000001EB0nAAG,746363,0,Externally Managed,,13.5,CPM,3,Per campaign,Video - Preroll 20s,20-34,Female
0063100000fJjAtAAK,Netherlands: 20160246,"Apr 18, 2016","May 31, 2016",2500,MDS-48634-2016-0381 -- Uw Maatwerk,Net Cost (Calc Margin),012i0000001EB0nAAG,416667,0,Externally Managed,Mobile Swipe Cube. Het materiaal wordt volledig aangeleverd. Om de interactie met de swipe cube in kaart te brengen gaan we een tag implementeren zodat we het aantal swipes in kaart kunnen brengen. Deze tag zet Xaxis op. Per event wordt er een tag aangemaakt (dus voor de verschillende visuals),6,CPM,3,Per campaign,Mobile - Halfpage ad,35-65,Male
0063100000fJjC1AAK,Netherlands: 20160053,"Feb 1, 2016","Mar 6, 2016",8531,2016. OLV Campina Merk februari mrt,Net Cost (Calc Margin),012i0000001EB0nAAG,631926,0,Externally Managed,,13.5,CPM,3,Per campaign,Video - Preroll 20s,20-34,Female
