Opportunity__c,External_ID__c,Start_Date__c,End_Date__c,Gross_Cost__c,Buy_Name_txt__c,Imputing_Margin_or_Net__c,PackageType__c,RecordTypeId,Buy_Volume__c,Media_Net_Cost__c,Input_Mode__c,Rate__c,Buy_Type__c,Media_Code__c,Special_Product__c
0063100000elQjgAAE,Swiss:17824-8,"Jan 4, 2016","Dec 29, 2016",1518.05,Xaxis Premium_XAXIS-XP-UAP-F,Net Cost (Calc Margin),MediaTrader,012i0000001EB0xAAG,379511,470.5955,Externally Managed,4,CPM,Display,Xaxis Premium
0063100000elQjgAAE,Swiss:17824-9,"Jan 4, 2016","Dec 29, 2016",295.9,Xaxis Premium_XAXIS-XP-UAP-I,Net Cost (Calc Margin),MediaTrader,012i0000001EB0xAAG,73978,91.729,Externally Managed,4,CPM,Display,Xaxis Premium
0063100000elQjgAAE,Swiss:17824-5,"Jan 4, 2016","Dec 29, 2016",368,Xaxis Mobile_XAXIS-XM-MRT-F,Net Cost (Calc Margin),MediaTrader,012i0000001EB0xAAG,16727,191.36,Externally Managed,22,CPM,Mobile,Xaxis Mobile
0063100000elQjgAAE,Swiss:17824-7,"Jan 4, 2016","Dec 29, 2016",3393.7,Xaxis Premium_XAXIS-XP-UAP-D,Net Cost (Calc Margin),MediaTrader,012i0000001EB0xAAG,848426,1052.047,Externally Managed,4,CPM,Display,Xaxis Premium
0063100000elQjgAAE,Swiss:17824-4,"Jan 4, 2016","Dec 29, 2016",955.85,Xaxis Mobile_XAXIS-XM-MRT-D,Net Cost (Calc Margin),MediaTrader,012i0000001EB0xAAG,43448,497.042,Externally Managed,22,CPM,Mobile,Xaxis Mobile
0063100000elQjgAAE,Swiss:17824-6,"Jan 4, 2016","Dec 29, 2016",53.6,Xaxis Mobile_XAXIS-XM-MRT-I,Net Cost (Calc Margin),MediaTrader,012i0000001EB0xAAG,2437,27.872,Externally Managed,21.99,CPM,Mobile,Xaxis Mobile
0063100000elQjhAAE,Swiss:17820-6,"Jan 4, 2016","Dec 29, 2016",61.4,Xaxis TV_XAXIS-XT-ROLLS-I,Net Cost (Calc Margin),MediaTrader,012i0000001EB0xAAG,1,37.454,Externally Managed,61.4,CPM,Video,Xaxis TV
0063100000elQjhAAE,Swiss:17820-4,"Jan 4, 2016","Dec 29, 2016",514.35,Xaxis TV_XAXIS-XT-ROLLS-F,Net Cost (Calc Margin),MediaTrader,012i0000001EB0xAAG,17736,313.7535,Externally Managed,29,CPM,Video,Xaxis TV
0063100000elQjhAAE,Swiss:17820-5,"Jan 4, 2016","Dec 29, 2016",63.15,Xaxis TV_XAXIS-XT-ROLLS-I,Net Cost (Calc Margin),MediaTrader,012i0000001EB0xAAG,2177,38.5215,Externally Managed,29.01,CPM,Video,Xaxis TV
0063100000elQjhAAE,Swiss:17820-3,"Jan 4, 2016","Dec 29, 2016",464.6,Xaxis TV_XAXIS-XT-ROLLS-F,Net Cost (Calc Margin),MediaTrader,012i0000001EB0xAAG,16021,283.406,Externally Managed,29,CPM,Video,Xaxis TV
0063100000elQjhAAE,Swiss:17820-2,"Jan 4, 2016","Dec 29, 2016",1397.9,Xaxis TV_XAXIS-XT-ROLLS-D,Net Cost (Calc Margin),MediaTrader,012i0000001EB0xAAG,48204,852.719,Externally Managed,29,CPM,Video,Xaxis TV
0063100000elQjhAAE,Swiss:17820-1,"Jan 4, 2016","Dec 29, 2016",1549.65,Xaxis TV_XAXIS-XT-ROLLS-D,Net Cost (Calc Margin),MediaTrader,012i0000001EB0xAAG,53437,945.2865,Externally Managed,29,CPM,Video,Xaxis TV
0063100000elQjmAAE,Swiss:17827-2,"Jan 10, 2016","Nov 23, 2016",163.55,Xaxis TV_XAXIS-XT-ROLLS-F,Net Cost (Calc Margin),MediaTrader,012i0000001EB0xAAG,5640,99.7655,Externally Managed,29,CPM,Video,Xaxis TV
0063100000elQjmAAE,Swiss:17827-3,"Jan 10, 2016","Nov 23, 2016",32.05,Xaxis TV_XAXIS-XT-ROLLS-I,Net Cost (Calc Margin),MediaTrader,012i0000001EB0xAAG,1106,19.5505,Externally Managed,28.98,CPM,Video,Xaxis TV
0063100000elQjmAAE,Swiss:17827-1,"Jan 10, 2016","Nov 23, 2016",2376.7,Xaxis TV_XAXIS-XT-ROLLS-D,Net Cost (Calc Margin),MediaTrader,012i0000001EB0xAAG,81955,1449.787,Externally Managed,29,CPM,Video,Xaxis TV
0063100000elQjnAAE,Swiss:17828-2,"Jan 10, 2016","Nov 23, 2016",21.35,Xaxis Premium_XAXIS-XP-HP-F,Net Cost (Calc Margin),MediaTrader,012i0000001EB0xAAG,928,9.1805,Externally Managed,23.01,CPM,Display,Xaxis Premium
0063100000elQjnAAE,Swiss:17828-5,"Jan 10, 2016","Nov 23, 2016",1129.1,Xaxis Mobile_XAXIS-XM-MRT-D,Net Cost (Calc Margin),MediaTrader,012i0000001EB0xAAG,43426,587.132,Externally Managed,26,CPM,Mobile,Xaxis Mobile
0063100000elQjnAAE,Swiss:17828-1,"Jan 10, 2016","Nov 23, 2016",4074.55,Xaxis Premium_XAXIS-XP-HP-D,Net Cost (Calc Margin),MediaTrader,012i0000001EB0xAAG,177155,1752.056,Externally Managed,23,CPM,Display,Xaxis Premium
0063100000elQjnAAE,Swiss:17828-6,"Jan 10, 2016","Nov 23, 2016",313.05,Xaxis Mobile_XAXIS-XM-MRT-F,Net Cost (Calc Margin),MediaTrader,012i0000001EB0xAAG,12040,162.786,Externally Managed,26,CPM,Mobile,Xaxis Mobile
0063100000elQjnAAE,Swiss:17828-4,"Jan 10, 2016","Nov 23, 2016",22.2,Xaxis Premium_XAXIS-XP-WB-I,Net Cost (Calc Margin),MediaTrader,012i0000001EB0xAAG,792,12.432,Externally Managed,28.03,CPM,Display,Xaxis Premium
0063100000elQjnAAE,Swiss:17828-3,"Jan 10, 2016","Nov 23, 2016",192.6,Xaxis Premium_XAXIS-XP-WB-F,Net Cost (Calc Margin),MediaTrader,012i0000001EB0xAAG,6878,107.856,Externally Managed,28,CPM,Display,Xaxis Premium
0063100000elQmHAAU,Swiss:18861-3,"May 16, 2016","Jun 12, 2016",311.85,Xaxis TV_XAXIS-XT-ROLLS-I,Net Cost (Calc Margin),MediaTrader,012i0000001EB0xAAG,10753,152.8065,Externally Managed,29,CPM,Video,Xaxis TV
0063100000elQmHAAU,Swiss:19087-2,"May 16, 2016","Jun 12, 2016",2017.1,Xaxis TV_XAXIS-XT-ROLLS-F,Net Cost (Calc Margin),MediaTrader,012i0000001EB0xAAG,69556,1109.405,Externally Managed,29,CPM,Video,Xaxis TV
0063100000elQmHAAU,Swiss:18861-1,"May 16, 2016","Jun 12, 2016",3238.1,Xaxis TV_XAXIS-XT-ROLLS-D,Net Cost (Calc Margin),MediaTrader,012i0000001EB0xAAG,111659,1586.669,Externally Managed,29,CPM,Video,Xaxis TV
0063100000elQmHAAU,Swiss:18861-2,"May 16, 2016","Jun 12, 2016",2182.9,Xaxis TV_XAXIS-XT-ROLLS-F,Net Cost (Calc Margin),MediaTrader,012i0000001EB0xAAG,75272,1069.621,Externally Managed,29,CPM,Video,Xaxis TV
0063100000elQmHAAU,Swiss:19087-4,"May 16, 2016","Jun 12, 2016",452.2,Xaxis Premium_XAXIS-XP-WB-D,Net Cost (Calc Margin),MediaTrader,012i0000001EB0xAAG,16150,240.2029,Externally Managed,28,CPM,Display,Xaxis Premium
0063100000elQmHAAU,Swiss:18861-5,"May 16, 2016","Jun 12, 2016",2669.4,Xaxis Premium_XAXIS-XP-WB-F,Net Cost (Calc Margin),MediaTrader,012i0000001EB0xAAG,95336,1115.875,Externally Managed,28,CPM,Display,Xaxis Premium
0063100000elQmHAAU,Swiss:19087-5,"May 16, 2016","Jun 12, 2016",2230.6,Xaxis Premium_XAXIS-XP-WB-F,Net Cost (Calc Margin),MediaTrader,012i0000001EB0xAAG,79664,1184.866,Externally Managed,28,CPM,Display,Xaxis Premium
0063100000elQmHAAU,Swiss:19087-6,"May 16, 2016","Jun 12, 2016",100.95,Xaxis Premium_XAXIS-XP-WB-I,Net Cost (Calc Margin),MediaTrader,012i0000001EB0xAAG,3606,53.62336,Externally Managed,28,CPM,Display,Xaxis Premium
0063100000elQlkAAE,Swiss:18605-1,"Apr 4, 2016","May 1, 2016",3150,Xaxis TV_XAXIS-XT-ROLLS-D,Net Cost (Calc Margin),MediaTrader,012i0000001EB0xAAG,108621,1638,Externally Managed,29,CPM,Video,Xaxis TV
0063100000elQlkAAE,Swiss:18605-3,"Apr 4, 2016","May 1, 2016",157.5,Xaxis TV_XAXIS-XT-ROLLS-I,Net Cost (Calc Margin),MediaTrader,012i0000001EB0xAAG,5431,81.9,Externally Managed,29,CPM,Video,Xaxis TV
0063100000elQlkAAE,Swiss:18605-2,"Apr 4, 2016","May 1, 2016",787.5,Xaxis TV_XAXIS-XT-ROLLS-F,Net Cost (Calc Margin),MediaTrader,012i0000001EB0xAAG,27155,409.5,Externally Managed,29,CPM,Video,Xaxis TV
0063100000elQkbAAE,Swiss:18355-3,"Feb 1, 2016","Mar 6, 2016",1033.95,Xaxis TV_XAXIS-XT-ROLLS-D,Net Cost (Calc Margin),MediaTrader,012i0000001EB0xAAG,35653,506.6355,Externally Managed,29,CPM,Video,Xaxis TV
0063100000elQkbAAE,Swiss:18355-1,"Feb 1, 2016","Mar 6, 2016",524.5,Xaxis Premium_XAXIS-XP-WB-D,Net Cost (Calc Margin),MediaTrader,012i0000001EB0xAAG,21854,212.6632,Externally Managed,24,CPM,Display,Xaxis Premium
0063100000elQkbAAE,Swiss:18095-2,"Feb 1, 2016","Mar 6, 2016",1559.4,Xaxis Premium_XAXIS-XP-WB-F,Net Cost (Calc Margin),MediaTrader,012i0000001EB0xAAG,64974,614.296,Externally Managed,24,CPM,Display,Xaxis Premium
0063100000elQkbAAE,Swiss:18355-4,"Feb 1, 2016","Mar 6, 2016",60.6,Xaxis TV_XAXIS-XT-ROLLS-F,Net Cost (Calc Margin),MediaTrader,012i0000001EB0xAAG,2090,29.694,Externally Managed,29,CPM,Video,Xaxis TV
0063100000elQkbAAE,Swiss:18095-5,"Feb 1, 2016","Mar 6, 2016",2559.4,Xaxis TV_XAXIS-XT-ROLLS-F,Net Cost (Calc Margin),MediaTrader,012i0000001EB0xAAG,88255,1151.73,Externally Managed,29,CPM,Video,Xaxis TV
0063100000elQkbAAE,Swiss:18355-2,"Feb 1, 2016","Mar 6, 2016",190.65,Xaxis Premium_XAXIS-XP-WB-F,Net Cost (Calc Margin),MediaTrader,012i0000001EB0xAAG,7943,77.30075,Externally Managed,24,CPM,Display,Xaxis Premium
0063100000elQkbAAE,Swiss:18095-6,"Feb 1, 2016","Mar 6, 2016",370.35,Xaxis TV_XAXIS-XT-ROLLS-I,Net Cost (Calc Margin),MediaTrader,012i0000001EB0xAAG,12771,166.6575,Externally Managed,29,CPM,Video,Xaxis TV
0063100000elQkbAAE,Swiss:18095-1,"Feb 1, 2016","Mar 6, 2016",3475.5,Xaxis Premium_XAXIS-XP-WB-D,Net Cost (Calc Margin),MediaTrader,012i0000001EB0xAAG,144812,1369.107,Externally Managed,24,CPM,Display,Xaxis Premium
0063100000elQkbAAE,Swiss:18095-4,"Feb 1, 2016","Mar 6, 2016",5026.1,Xaxis TV_XAXIS-XT-ROLLS-D,Net Cost (Calc Margin),MediaTrader,012i0000001EB0xAAG,173313,2261.745,Externally Managed,29,CPM,Video,Xaxis TV
0063100000elQkbAAE,Swiss:18095-3,"Feb 1, 2016","Mar 6, 2016",250,Xaxis Premium_XAXIS-XP-WB-I,Net Cost (Calc Margin),MediaTrader,012i0000001EB0xAAG,10417,98.48275,Externally Managed,24,CPM,Display,Xaxis Premium
0063100000elQmrAAE,Swiss:19088-5,"Jun 13, 2016","Jul 10, 2016",671.5,Xaxis TV_XAXIS-XT-ROLLS-F,Net Cost (Calc Margin),MediaTrader,012i0000001EB0xAAG,23156,369.325,Externally Managed,29,CPM,Video,Xaxis TV
0063100000elQmrAAE,Swiss:19088-4,"Jun 13, 2016","Jul 10, 2016",4434.35,Xaxis TV_XAXIS-XT-ROLLS-D,Net Cost (Calc Margin),MediaTrader,012i0000001EB0xAAG,152908,2438.892,Externally Managed,29,CPM,Video,Xaxis TV
0063100000elQmrAAE,Swiss:19293-2,"Jun 13, 2016","Jul 10, 2016",2119.3,Xaxis Premium_XAXIS-XP-WB-F,Net Cost (Calc Margin),MediaTrader,012i0000001EB0xAAG,88305,1059.65,Externally Managed,24,CPM,Display,Xaxis Premium
0063100000elQmrAAE,Swiss:19293-5,"Jun 13, 2016","Jul 10, 2016",7328.45,Xaxis TV_XAXIS-XT-ROLLS-F,Net Cost (Calc Margin),MediaTrader,012i0000001EB0xAAG,252706,4030.648,Externally Managed,29,CPM,Video,Xaxis TV
0063100000elQmrAAE,Swiss:19293-6,"Jun 13, 2016","Jul 10, 2016",250.15,Xaxis TV_XAXIS-XT-ROLLS-I,Net Cost (Calc Margin),MediaTrader,012i0000001EB0xAAG,8625,137.5825,Externally Managed,29,CPM,Video,Xaxis TV
0063100000elQmrAAE,Swiss:19293-3,"Jun 13, 2016","Jul 10, 2016",103.9,Xaxis Premium_XAXIS-XP-WB-I,Net Cost (Calc Margin),MediaTrader,012i0000001EB0xAAG,4329,51.95,Externally Managed,24,CPM,Display,Xaxis Premium
0063100000elQmrAAE,Swiss:19293-4,"Jun 13, 2016","Jul 10, 2016",5565.7,Xaxis TV_XAXIS-XT-ROLLS-D,Net Cost (Calc Margin),MediaTrader,012i0000001EB0xAAG,191920,3061.135,Externally Managed,29,CPM,Video,Xaxis TV
0063100000elQmrAAE,Swiss:19088-6,"Jun 13, 2016","Jul 10, 2016",249.85,Xaxis TV_XAXIS-XT-ROLLS-I,Net Cost (Calc Margin),MediaTrader,012i0000001EB0xAAG,8616,137.4175,Externally Managed,29,CPM,Video,Xaxis TV
0063100000elQmrAAE,Swiss:19088-2,"Jun 13, 2016","Jul 10, 2016",2880.65,Xaxis Premium_XAXIS-XP-WB-F,Net Cost (Calc Margin),MediaTrader,012i0000001EB0xAAG,120028,1530.165,Externally Managed,24,CPM,Display,Xaxis Premium
0063100000elQmrAAE,Swiss:19293-1,"Jun 13, 2016","Jul 10, 2016",2015.8,Xaxis Premium_XAXIS-XP-WB-D,Net Cost (Calc Margin),MediaTrader,012i0000001EB0xAAG,83992,1007.9,Externally Managed,24,CPM,Display,Xaxis Premium
0063100000elQmrAAE,Swiss:19088-3,"Jun 13, 2016","Jul 10, 2016",146.1,Xaxis Premium_XAXIS-XP-WB-I,Net Cost (Calc Margin),MediaTrader,012i0000001EB0xAAG,6088,77.60647,Externally Managed,24,CPM,Display,Xaxis Premium
0063100000elQmrAAE,Swiss:19088-1,"Jun 13, 2016","Jul 10, 2016",2984.2,Xaxis Premium_XAXIS-XP-WB-D,Net Cost (Calc Margin),MediaTrader,012i0000001EB0xAAG,124341,1585.169,Externally Managed,24,CPM,Display,Xaxis Premium
0063100000elQnYAAU,Swiss:18859-8,"Apr 18, 2016","Sep 30, 2016",183.6,Xaxis Premium_XAXIS-XP-WB-I,Net Cost (Calc Margin),MediaTrader,012i0000001EB0xAAG,6557,76.7493,Externally Managed,28,CPM,Display,Xaxis Premium
0063100000elQnYAAU,Swiss:19086-9,"Apr 18, 2016","Sep 30, 2016",75.4,Xaxis Premium_XAXIS-XP-WB-I,Net Cost (Calc Margin),MediaTrader,012i0000001EB0xAAG,2693,40.05152,Externally Managed,28,CPM,Display,Xaxis Premium
0063100000elQnYAAU,Swiss:18859-4,"Apr 18, 2016","Sep 30, 2016",371.7,Xaxis Premium_XAXIS-XP-WB-D,Net Cost (Calc Margin),MediaTrader,012i0000001EB0xAAG,13275,155.3797,Externally Managed,28,CPM,Display,Xaxis Premium
0063100000elQnYAAU,Swiss:19829-9,"Apr 18, 2016","Sep 30, 2016",35.2,Xaxis Premium_XAXIS-XP-WB-I,Net Cost (Calc Margin),MediaTrader,012i0000001EB0xAAG,1257,16.82,Externally Managed,28,CPM,Display,Xaxis Premium
0063100000elQnYAAU,Swiss:19829-8,"Apr 18, 2016","Sep 30, 2016",206.75,Xaxis Premium_XAXIS-XP-WB-F,Net Cost (Calc Margin),MediaTrader,012i0000001EB0xAAG,7384,98.81,Externally Managed,28,CPM,Display,Xaxis Premium
0063100000elQnYAAU,Swiss:19086-4,"Apr 18, 2016","Sep 30, 2016",260.2,Xaxis Premium_XAXIS-XP-WB-D,Net Cost (Calc Margin),MediaTrader,012i0000001EB0xAAG,9292,138.2149,Externally Managed,28,CPM,Display,Xaxis Premium
0063100000elQnYAAU,Swiss:19538-3,"Apr 18, 2016","Sep 30, 2016",260.55,Xaxis Premium_XAXIS-XP-WB-D,Net Cost (Calc Margin),MediaTrader,012i0000001EB0xAAG,9306,136.53,Externally Managed,28,CPM,Display,Xaxis Premium
0063100000elQnYAAU,Swiss:19538-7,"Apr 18, 2016","Sep 30, 2016",317.85,Xaxis Premium_XAXIS-XP-WB-F,Net Cost (Calc Margin),MediaTrader,012i0000001EB0xAAG,11351,166.56,Externally Managed,28,CPM,Display,Xaxis Premium
0063100000elQnYAAU,Swiss:19538-6,"Apr 18, 2016","Sep 30, 2016",262.5,Xaxis Premium_XAXIS-XP-WB-D,Net Cost (Calc Margin),MediaTrader,012i0000001EB0xAAG,9375,137.56,Externally Managed,28,CPM,Display,Xaxis Premium
0063100000elQnYAAU,Swiss:19292-3,"Apr 18, 2016","Sep 30, 2016",259.4,Xaxis Premium_XAXIS-XP-WB-D,Net Cost (Calc Margin),MediaTrader,012i0000001EB0xAAG,9264,129.7,Externally Managed,28,CPM,Display,Xaxis Premium
0063100000elQnYAAU,Swiss:19292-9,"Apr 18, 2016","Sep 30, 2016",72.6,Xaxis Premium_XAXIS-XP-WB-I,Net Cost (Calc Margin),MediaTrader,012i0000001EB0xAAG,2592,36.3,Externally Managed,28.01,CPM,Display,Xaxis Premium
0063100000elQnYAAU,Swiss:18859-5,"Apr 18, 2016","Sep 30, 2016",288.55,Xaxis Premium_XAXIS-XP-WB-D,Net Cost (Calc Margin),MediaTrader,012i0000001EB0xAAG,10305,120.621,Externally Managed,28,CPM,Display,Xaxis Premium
0063100000elQnYAAU,Swiss:19829-3,"Apr 18, 2016","Sep 30, 2016",186.8,Xaxis Premium_XAXIS-XP-WB-D,Net Cost (Calc Margin),MediaTrader,012i0000001EB0xAAG,6671,89.28,Externally Managed,28,CPM,Display,Xaxis Premium
0063100000elQnYAAU,Swiss:18859-6,"Apr 18, 2016","Sep 30, 2016",371.95,Xaxis Premium_XAXIS-XP-WB-D,Net Cost (Calc Margin),MediaTrader,012i0000001EB0xAAG,13284,155.4842,Externally Managed,28,CPM,Display,Xaxis Premium
0063100000elQnYAAU,Swiss:18606-3,"Apr 18, 2016","Sep 30, 2016",122.3,Xaxis Premium_XAXIS-XP-WB-D,Net Cost (Calc Margin),MediaTrader,012i0000001EB0xAAG,4367,60.5469,Externally Managed,28.01,CPM,Display,Xaxis Premium
0063100000elQnYAAU,Swiss:18859-1,"Apr 18, 2016","Sep 30, 2016",250.1,Xaxis Premium_XAXIS-XP-WB-D,Net Cost (Calc Margin),MediaTrader,012i0000001EB0xAAG,8932,104.5479,Externally Managed,28,CPM,Display,Xaxis Premium
0063100000elQnYAAU,Swiss:19086-3,"Apr 18, 2016","Sep 30, 2016",258.8,Xaxis Premium_XAXIS-XP-WB-D,Net Cost (Calc Margin),MediaTrader,012i0000001EB0xAAG,9243,137.4713,Externally Managed,28,CPM,Display,Xaxis Premium
0063100000elQnYAAU,Swiss:19829-7,"Apr 18, 2016","Sep 30, 2016",221.7,Xaxis Premium_XAXIS-XP-WB-F,Net Cost (Calc Margin),MediaTrader,012i0000001EB0xAAG,7918,105.96,Externally Managed,28,CPM,Display,Xaxis Premium
0063100000elQnYAAU,Swiss:18606-8,"Apr 18, 2016","Sep 30, 2016",135.05,Xaxis Premium_XAXIS-XP-WB-F,Net Cost (Calc Margin),MediaTrader,012i0000001EB0xAAG,4824,66.85903,Externally Managed,28,CPM,Display,Xaxis Premium
0063100000elQnYAAU,Swiss:19538-5,"Apr 18, 2016","Sep 30, 2016",265.95,Xaxis Premium_XAXIS-XP-WB-D,Net Cost (Calc Margin),MediaTrader,012i0000001EB0xAAG,9499,139.36,Externally Managed,28,CPM,Display,Xaxis Premium
0063100000elQnYAAU,Swiss:19538-9,"Apr 18, 2016","Sep 30, 2016",45.55,Xaxis Premium_XAXIS-XP-WB-I,Net Cost (Calc Margin),MediaTrader,012i0000001EB0xAAG,1626,23.87,Externally Managed,28.01,CPM,Display,Xaxis Premium
0063100000elQnYAAU,Swiss:18606-5,"Apr 18, 2016","Sep 30, 2016",102.2,Xaxis Premium_XAXIS-XP-WB-D,Net Cost (Calc Margin),MediaTrader,012i0000001EB0xAAG,3650,50.59602,Externally Managed,28,CPM,Display,Xaxis Premium
0063100000elQnYAAU,Swiss:18606-2,"Apr 18, 2016","Sep 30, 2016",71.45,Xaxis Premium_XAXIS-XP-WB-D,Net Cost (Calc Margin),MediaTrader,012i0000001EB0xAAG,2552,35.37266,Externally Managed,28,CPM,Display,Xaxis Premium
0063100000elQnYAAU,Swiss:19829-6,"Apr 18, 2016","Sep 30, 2016",171,Xaxis Premium_XAXIS-XP-WB-D,Net Cost (Calc Margin),MediaTrader,012i0000001EB0xAAG,6107,81.73,Externally Managed,28,CPM,Display,Xaxis Premium
0063100000elQnYAAU,Swiss:19538-2,"Apr 18, 2016","Sep 30, 2016",133.1,Xaxis Premium_XAXIS-XP-WB-D,Net Cost (Calc Margin),MediaTrader,012i0000001EB0xAAG,4754,69.75,Externally Managed,28,CPM,Display,Xaxis Premium
0063100000elQnYAAU,Swiss:18606-4,"Apr 18, 2016","Sep 30, 2016",122.1,Xaxis Premium_XAXIS-XP-WB-D,Net Cost (Calc Margin),MediaTrader,012i0000001EB0xAAG,4360,60.44789,Externally Managed,28,CPM,Display,Xaxis Premium
0063100000elQnYAAU,Swiss:19292-1,"Apr 18, 2016","Sep 30, 2016",136,Xaxis Premium_XAXIS-XP-WB-D,Net Cost (Calc Margin),MediaTrader,012i0000001EB0xAAG,4857,68,Externally Managed,28,CPM,Display,Xaxis Premium
0063100000elQnYAAU,Swiss:19829-4,"Apr 18, 2016","Sep 30, 2016",173,Xaxis Premium_XAXIS-XP-WB-D,Net Cost (Calc Margin),MediaTrader,012i0000001EB0xAAG,6178,82.68,Externally Managed,28,CPM,Display,Xaxis Premium
0063100000elQnYAAU,Swiss:19086-6,"Apr 18, 2016","Sep 30, 2016",212.7,Xaxis Premium_XAXIS-XP-WB-D,Net Cost (Calc Margin),MediaTrader,012i0000001EB0xAAG,7597,112.9835,Externally Managed,28,CPM,Display,Xaxis Premium
0063100000elQnYAAU,Swiss:18606-6,"Apr 18, 2016","Sep 30, 2016",119.15,Xaxis Premium_XAXIS-XP-WB-D,Net Cost (Calc Margin),MediaTrader,012i0000001EB0xAAG,4255,58.98744,Externally Managed,28,CPM,Display,Xaxis Premium
0063100000elQnYAAU,Swiss:19292-4,"Apr 18, 2016","Sep 30, 2016",264.65,Xaxis Premium_XAXIS-XP-WB-D,Net Cost (Calc Margin),MediaTrader,012i0000001EB0xAAG,9451,132.325,Externally Managed,28,CPM,Display,Xaxis Premium
0063100000elQnYAAU,Swiss:19086-2,"Apr 18, 2016","Sep 30, 2016",163.3,Xaxis Premium_XAXIS-XP-WB-D,Net Cost (Calc Margin),MediaTrader,012i0000001EB0xAAG,5832,86.74289,Externally Managed,28,CPM,Display,Xaxis Premium
0063100000elQnYAAU,Swiss:19292-7,"Apr 18, 2016","Sep 30, 2016",355.4,Xaxis Premium_XAXIS-XP-WB-F,Net Cost (Calc Margin),MediaTrader,012i0000001EB0xAAG,12692,177.7,Externally Managed,28,CPM,Display,Xaxis Premium
0063100000elQnYAAU,Swiss:18859-2,"Apr 18, 2016","Sep 30, 2016",192.35,Xaxis Premium_XAXIS-XP-WB-D,Net Cost (Calc Margin),MediaTrader,012i0000001EB0xAAG,6870,80.40702,Externally Managed,28,CPM,Display,Xaxis Premium
0063100000elQnYAAU,Swiss:19292-5,"Apr 18, 2016","Sep 30, 2016",288.05,Xaxis Premium_XAXIS-XP-WB-D,Net Cost (Calc Margin),MediaTrader,012i0000001EB0xAAG,10287,144.025,Externally Managed,28,CPM,Display,Xaxis Premium
0063100000elQnYAAU,Swiss:18606-9,"Apr 18, 2016","Sep 30, 2016",67.5,Xaxis Premium_XAXIS-XP-WB-I,Net Cost (Calc Margin),MediaTrader,012i0000001EB0xAAG,2410,33.41714,Externally Managed,28.01,CPM,Display,Xaxis Premium
0063100000elQnYAAU,Swiss:19086-5,"Apr 18, 2016","Sep 30, 2016",277.4,Xaxis Premium_XAXIS-XP-WB-D,Net Cost (Calc Margin),MediaTrader,012i0000001EB0xAAG,9908,147.3514,Externally Managed,28,CPM,Display,Xaxis Premium
0063100000elQnYAAU,Swiss:19538-1,"Apr 18, 2016","Sep 30, 2016",111.8,Xaxis Premium_XAXIS-XP-WB-D,Net Cost (Calc Margin),MediaTrader,012i0000001EB0xAAG,3992,58.59,Externally Managed,28.01,CPM,Display,Xaxis Premium
0063100000elQnYAAU,Swiss:19292-6,"Apr 18, 2016","Sep 30, 2016",274.7,Xaxis Premium_XAXIS-XP-WB-D,Net Cost (Calc Margin),MediaTrader,012i0000001EB0xAAG,9811,137.35,Externally Managed,28,CPM,Display,Xaxis Premium
0063100000elQnYAAU,Swiss:19538-8,"Apr 18, 2016","Sep 30, 2016",322.75,Xaxis Premium_XAXIS-XP-WB-F,Net Cost (Calc Margin),MediaTrader,012i0000001EB0xAAG,11526,169.13,Externally Managed,28,CPM,Display,Xaxis Premium
0063100000elQnYAAU,Swiss:18606-1,"Apr 18, 2016","Sep 30, 2016",93,Xaxis Premium_XAXIS-XP-WB-D,Net Cost (Calc Margin),MediaTrader,012i0000001EB0xAAG,3321,46.04139,Externally Managed,28,CPM,Display,Xaxis Premium
0063100000elQnYAAU,Swiss:19829-5,"Apr 18, 2016","Sep 30, 2016",189.65,Xaxis Premium_XAXIS-XP-WB-D,Net Cost (Calc Margin),MediaTrader,012i0000001EB0xAAG,6774,90.64,Externally Managed,28,CPM,Display,Xaxis Premium
0063100000elQnYAAU,Swiss:18859-3,"Apr 18, 2016","Sep 30, 2016",380.2,Xaxis Premium_XAXIS-XP-WB-D,Net Cost (Calc Margin),MediaTrader,012i0000001EB0xAAG,13578,158.9329,Externally Managed,28,CPM,Display,Xaxis Premium
0063100000elQnYAAU,Swiss:19086-1,"Apr 18, 2016","Sep 30, 2016",135.65,Xaxis Premium_XAXIS-XP-WB-D,Net Cost (Calc Margin),MediaTrader,012i0000001EB0xAAG,4844,72.05556,Externally Managed,28,CPM,Display,Xaxis Premium
0063100000elQnYAAU,Swiss:19829-1,"Apr 18, 2016","Sep 30, 2016",77.4,Xaxis Premium_XAXIS-XP-WB-D,Net Cost (Calc Margin),MediaTrader,012i0000001EB0xAAG,2765,36.99,Externally Managed,27.99,CPM,Display,Xaxis Premium
0063100000elQnYAAU,Swiss:18859-7,"Apr 18, 2016","Sep 30, 2016",403.75,Xaxis Premium_XAXIS-XP-WB-F,Net Cost (Calc Margin),MediaTrader,012i0000001EB0xAAG,14420,168.7774,Externally Managed,28,CPM,Display,Xaxis Premium
0063100000elQnYAAU,Swiss:19086-7,"Apr 18, 2016","Sep 30, 2016",282.9,Xaxis Premium_XAXIS-XP-WB-F,Net Cost (Calc Margin),MediaTrader,012i0000001EB0xAAG,10104,150.2729,Externally Managed,28,CPM,Display,Xaxis Premium
0063100000elQnYAAU,Swiss:18606-7,"Apr 18, 2016","Sep 30, 2016",120.45,Xaxis Premium_XAXIS-XP-WB-F,Net Cost (Calc Margin),MediaTrader,012i0000001EB0xAAG,4302,59.63102,Externally Managed,28,CPM,Display,Xaxis Premium
0063100000elQnYAAU,Swiss:19538-4,"Apr 18, 2016","Sep 30, 2016",267.25,Xaxis Premium_XAXIS-XP-WB-D,Net Cost (Calc Margin),MediaTrader,012i0000001EB0xAAG,9544,140.05,Externally Managed,28,CPM,Display,Xaxis Premium
0063100000elQnYAAU,Swiss:19292-2,"Apr 18, 2016","Sep 30, 2016",160.35,Xaxis Premium_XAXIS-XP-WB-D,Net Cost (Calc Margin),MediaTrader,012i0000001EB0xAAG,5726,80.175,Externally Managed,28,CPM,Display,Xaxis Premium
0063100000elQnYAAU,Swiss:19086-8,"Apr 18, 2016","Sep 30, 2016",296.15,Xaxis Premium_XAXIS-XP-WB-F,Net Cost (Calc Margin),MediaTrader,012i0000001EB0xAAG,10576,157.3111,Externally Managed,28,CPM,Display,Xaxis Premium
0063100000elQnYAAU,Swiss:18859-9,"Apr 18, 2016","Sep 30, 2016",382.95,Xaxis Premium_XAXIS-XP-WB-F,Net Cost (Calc Margin),MediaTrader,012i0000001EB0xAAG,13677,160.0825,Externally Managed,28,CPM,Display,Xaxis Premium
0063100000elQnYAAU,Swiss:19292-8,"Apr 18, 2016","Sep 30, 2016",301.15,Xaxis Premium_XAXIS-XP-WB-F,Net Cost (Calc Margin),MediaTrader,012i0000001EB0xAAG,10756,150.575,Externally Managed,28,CPM,Display,Xaxis Premium
0063100000elQnYAAU,Swiss:19829-2,"Apr 18, 2016","Sep 30, 2016",82.75,Xaxis Premium_XAXIS-XP-WB-D,Net Cost (Calc Margin),MediaTrader,012i0000001EB0xAAG,2955,39.55,Externally Managed,28,CPM,Display,Xaxis Premium
0063100000elQnFAAU,Swiss:19294-1,"May 31, 2016","Aug 25, 2016",2271.8,Xaxis Mobile_XAXIS-XM-MRT-D,Net Cost (Calc Margin),MediaTrader,012i0000001EB0xAAG,70993,954.156,Externally Managed,32,CPM,Mobile,Xaxis Mobile
0063100000elQnFAAU,Swiss:19089-1,"May 31, 2016","Aug 25, 2016",2055.55,Xaxis TV_XAXIS-XT-ROLLS-D,Net Cost (Calc Margin),MediaTrader,012i0000001EB0xAAG,58730,1130.553,Externally Managed,35,CPM,Video,Xaxis TV
0063100000elQnFAAU,Swiss:19089-2,"May 31, 2016","Aug 25, 2016",1869.3,Xaxis Mobile_XAXIS-XM-MRT-D,Net Cost (Calc Margin),MediaTrader,012i0000001EB0xAAG,58415,710.334,Externally Managed,32,CPM,Mobile,Xaxis Mobile
0063100000elQmnAAE,Swiss:19295-5,"Jul 6, 2016","Jul 10, 2016",400,Xaxis Premium_XAXIS-XP-UAP-D,Net Cost (Calc Margin),MediaTrader,012i0000001EB0xAAG,50000,132,Externally Managed,8,CPM,Display,Xaxis Premium
0063100000elQmnAAE,Swiss:19295-6,"Jul 6, 2016","Jul 10, 2016",450,Xaxis Mobile_XAXIS-XM-MRT-D,Net Cost (Calc Margin),MediaTrader,012i0000001EB0xAAG,17308,189,Externally Managed,26,CPM,Mobile,Xaxis Mobile
0063100000elQmnAAE,Swiss:19295-8,"Jul 6, 2016","Jul 10, 2016",400,Xaxis Premium_XAXIS-XP-UAP-D,Net Cost (Calc Margin),MediaTrader,012i0000001EB0xAAG,50000,132,Externally Managed,8,CPM,Display,Xaxis Premium
0063100000elQmnAAE,Swiss:19295-2,"Jul 6, 2016","Jul 10, 2016",400,Xaxis Premium_XAXIS-XP-UAP-D,Net Cost (Calc Margin),MediaTrader,012i0000001EB0xAAG,50000,132,Externally Managed,8,CPM,Display,Xaxis Premium
0063100000elQmnAAE,Swiss:19295-3,"Jul 6, 2016","Jul 10, 2016",450,Xaxis Mobile_XAXIS-XM-MRT-D,Net Cost (Calc Margin),MediaTrader,012i0000001EB0xAAG,17308,189,Externally Managed,26,CPM,Mobile,Xaxis Mobile
0063100000elQmnAAE,Swiss:19295-4,"Jul 6, 2016","Jul 10, 2016",450,Xaxis Premium_XAXIS-XP-HP-D,Net Cost (Calc Margin),MediaTrader,012i0000001EB0xAAG,23684,243,Externally Managed,19,CPM,Display,Xaxis Premium
0063100000elQmnAAE,Swiss:19295-1,"Jul 6, 2016","Jul 10, 2016",450,Xaxis Premium_XAXIS-XP-HP-D,Net Cost (Calc Margin),MediaTrader,012i0000001EB0xAAG,23684,243,Externally Managed,19,CPM,Display,Xaxis Premium
0063100000elQmnAAE,Swiss:19295-7,"Jul 6, 2016","Jul 10, 2016",450,Xaxis Premium_XAXIS-XP-HP-D,Net Cost (Calc Margin),MediaTrader,012i0000001EB0xAAG,23684,243,Externally Managed,19,CPM,Display,Xaxis Premium
0063100000elQmnAAE,Swiss:19295-9,"Jul 6, 2016","Jul 10, 2016",450,Xaxis Mobile_XAXIS-XM-MRT-D,Net Cost (Calc Margin),MediaTrader,012i0000001EB0xAAG,17308,189,Externally Managed,26,CPM,Mobile,Xaxis Mobile
0063100000elQlDAAU,Swiss:18356-7,"Jan 11, 2016","Apr 3, 2016",771.35,Xaxis Mobile_XAXIS-XM-MRT-D,Net Cost (Calc Margin),MediaTrader,012i0000001EB0xAAG,29667,185.124,Externally Managed,26,CPM,Mobile,Xaxis Mobile
0063100000elQlDAAU,Swiss:17997-10,"Jan 11, 2016","Apr 3, 2016",2630.6,Xaxis TV_XAXIS-XT-ROLLS-D,Net Cost (Calc Margin),MediaTrader,012i0000001EB0xAAG,79715,1604.666,Externally Managed,33,CPM,Video,Xaxis TV
0063100000elQlDAAU,Swiss:18356-13,"Jan 11, 2016","Apr 3, 2016",279.05,Xaxis Premium_XAXIS-XP-UAP-F,Net Cost (Calc Margin),MediaTrader,012i0000001EB0xAAG,23256,78.19371,Externally Managed,12,CPM,Display,Xaxis Premium
0063100000elQlDAAU,Swiss:18607-2,"Jan 11, 2016","Apr 3, 2016",70.2,Xaxis Premium_XAXIS-XP-WB-F,Net Cost (Calc Margin),MediaTrader,012i0000001EB0xAAG,2926,34.75382,Externally Managed,23.99,CPM,Display,Xaxis Premium
0063100000elQlDAAU,Swiss:17997-2,"Jan 11, 2016","Apr 3, 2016",333.55,Xaxis Premium_XAXIS-XP-WB-F,Net Cost (Calc Margin),MediaTrader,012i0000001EB0xAAG,13897,186.788,Externally Managed,24,CPM,Display,Xaxis Premium
0063100000elQlDAAU,Swiss:18356-11,"Jan 11, 2016","Apr 3, 2016",501.35,Xaxis TV_XAXIS-XT-ROLLS-F,Net Cost (Calc Margin),MediaTrader,012i0000001EB0xAAG,15193,245.6615,Externally Managed,33,CPM,Video,Xaxis TV
0063100000elQlDAAU,Swiss:18096-15,"Jan 11, 2016","Apr 3, 2016",187.7,Xaxis Premium_XAXIS-XP-UAP-I,Net Cost (Calc Margin),MediaTrader,012i0000001EB0xAAG,15643,47.62201,Externally Managed,12,CPM,Display,Xaxis Premium
0063100000elQlDAAU,Swiss:17997-9,"Jan 11, 2016","Apr 3, 2016",101.6,Xaxis Mobile_XAXIS-XM-MRT-I,Net Cost (Calc Margin),MediaTrader,012i0000001EB0xAAG,3908,52.832,Externally Managed,26,CPM,Mobile,Xaxis Mobile
0063100000elQlDAAU,Swiss:18096-8,"Jan 11, 2016","Apr 3, 2016",403.55,Xaxis Mobile_XAXIS-XM-MRT-F,Net Cost (Calc Margin),MediaTrader,012i0000001EB0xAAG,15521,96.852,Externally Managed,26,CPM,Mobile,Xaxis Mobile
0063100000elQlDAAU,Swiss:18096-1,"Jan 11, 2016","Apr 3, 2016",1179.75,Xaxis Premium_XAXIS-XP-WB-D,Net Cost (Calc Margin),MediaTrader,012i0000001EB0xAAG,49156,464.7401,Externally Managed,24,CPM,Display,Xaxis Premium
0063100000elQlDAAU,Swiss:17997-15,"Jan 11, 2016","Apr 3, 2016",74.3,Xaxis Premium_XAXIS-XP-UAP-I,Net Cost (Calc Margin),MediaTrader,012i0000001EB0xAAG,6190,23.033,Externally Managed,12,CPM,Display,Xaxis Premium
0063100000elQlDAAU,Swiss:18096-14,"Jan 11, 2016","Apr 3, 2016",926.2,Xaxis Premium_XAXIS-XP-UAP-F,Net Cost (Calc Margin),MediaTrader,012i0000001EB0xAAG,77183,234.9894,Externally Managed,12,CPM,Display,Xaxis Premium
0063100000elQlDAAU,Swiss:17997-1,"Jan 11, 2016","Apr 3, 2016",909.1,Xaxis Premium_XAXIS-XP-WB-D,Net Cost (Calc Margin),MediaTrader,012i0000001EB0xAAG,37879,509.096,Externally Managed,24,CPM,Display,Xaxis Premium
0063100000elQlDAAU,Swiss:17997-13,"Jan 11, 2016","Apr 3, 2016",1394.25,Xaxis Premium_XAXIS-XP-UAP-D,Net Cost (Calc Margin),MediaTrader,012i0000001EB0xAAG,116186,432.2175,Externally Managed,12,CPM,Display,Xaxis Premium
0063100000elQlDAAU,Swiss:18607-4,"Jan 11, 2016","Apr 3, 2016",37.25,Xaxis Premium_XAXIS-XP-HP-D,Net Cost (Calc Margin),MediaTrader,012i0000001EB0xAAG,1960,16.01498,Externally Managed,19.01,CPM,Display,Xaxis Premium
0063100000elQlDAAU,Swiss:18096-4,"Jan 11, 2016","Apr 3, 2016",965.9,Xaxis Premium_XAXIS-XP-HP-D,Net Cost (Calc Margin),MediaTrader,012i0000001EB0xAAG,50836,349.0898,Externally Managed,19,CPM,Display,Xaxis Premium
0063100000elQlDAAU,Swiss:18356-4,"Jan 11, 2016","Apr 3, 2016",749.8,Xaxis Premium_XAXIS-XP-HP-D,Net Cost (Calc Margin),MediaTrader,012i0000001EB0xAAG,39463,282.7361,Externally Managed,19,CPM,Display,Xaxis Premium
0063100000elQlDAAU,Swiss:18356-8,"Jan 11, 2016","Apr 3, 2016",540.9,Xaxis Mobile_XAXIS-XM-MRT-F,Net Cost (Calc Margin),MediaTrader,012i0000001EB0xAAG,20803,129.816,Externally Managed,26,CPM,Mobile,Xaxis Mobile
0063100000elQlDAAU,Swiss:18356-6,"Jan 11, 2016","Apr 3, 2016",65.85,Xaxis Premium_XAXIS-XP-HP-I,Net Cost (Calc Margin),MediaTrader,012i0000001EB0xAAG,3465,24.83085,Externally Managed,19,CPM,Display,Xaxis Premium
0063100000elQlDAAU,Swiss:17997-11,"Jan 11, 2016","Apr 3, 2016",938.65,Xaxis TV_XAXIS-XT-ROLLS-F,Net Cost (Calc Margin),MediaTrader,012i0000001EB0xAAG,28444,572.5765,Externally Managed,33,CPM,Video,Xaxis TV
0063100000elQlDAAU,Swiss:18607-8,"Jan 11, 2016","Apr 3, 2016",30.6,Xaxis Mobile_XAXIS-XM-MRT-F,Net Cost (Calc Margin),MediaTrader,012i0000001EB0xAAG,1177,9.486,Externally Managed,26,CPM,Mobile,Xaxis Mobile
0063100000elQlDAAU,Swiss:18096-6,"Jan 11, 2016","Apr 3, 2016",79.2,Xaxis Premium_XAXIS-XP-HP-I,Net Cost (Calc Margin),MediaTrader,012i0000001EB0xAAG,4168,28.62399,Externally Managed,19,CPM,Display,Xaxis Premium
0063100000elQlDAAU,Swiss:18356-1,"Jan 11, 2016","Apr 3, 2016",809.85,Xaxis Premium_XAXIS-XP-WB-D,Net Cost (Calc Margin),MediaTrader,012i0000001EB0xAAG,33743,328.3609,Externally Managed,24,CPM,Display,Xaxis Premium
0063100000elQlDAAU,Swiss:18356-2,"Jan 11, 2016","Apr 3, 2016",504.6,Xaxis Premium_XAXIS-XP-WB-F,Net Cost (Calc Margin),MediaTrader,012i0000001EB0xAAG,21026,204.5946,Externally Managed,24,CPM,Display,Xaxis Premium
0063100000elQlDAAU,Swiss:18356-5,"Jan 11, 2016","Apr 3, 2016",516.35,Xaxis Premium_XAXIS-XP-HP-F,Net Cost (Calc Margin),MediaTrader,012i0000001EB0xAAG,27176,194.7063,Externally Managed,19,CPM,Display,Xaxis Premium
0063100000elQlDAAU,Swiss:18096-5,"Jan 11, 2016","Apr 3, 2016",367.25,Xaxis Premium_XAXIS-XP-HP-F,Net Cost (Calc Margin),MediaTrader,012i0000001EB0xAAG,19328,132.7293,Externally Managed,19,CPM,Display,Xaxis Premium
0063100000elQlDAAU,Swiss:17997-14,"Jan 11, 2016","Apr 3, 2016",357.2,Xaxis Premium_XAXIS-XP-UAP-F,Net Cost (Calc Margin),MediaTrader,012i0000001EB0xAAG,29766,110.732,Externally Managed,12,CPM,Display,Xaxis Premium
0063100000elQlDAAU,Swiss:18607-3,"Jan 11, 2016","Apr 3, 2016",0.95,Xaxis Premium_XAXIS-XP-WB-I,Net Cost (Calc Margin),MediaTrader,012i0000001EB0xAAG,40,0.4703153,Externally Managed,23.75,CPM,Display,Xaxis Premium
0063100000elQlDAAU,Swiss:18607-1,"Jan 11, 2016","Apr 3, 2016",39.95,Xaxis Premium_XAXIS-XP-WB-D,Net Cost (Calc Margin),MediaTrader,012i0000001EB0xAAG,1664,19.77799,Externally Managed,24.01,CPM,Display,Xaxis Premium
0063100000elQlDAAU,Swiss:18096-13,"Jan 11, 2016","Apr 3, 2016",2023.4,Xaxis Premium_XAXIS-XP-UAP-D,Net Cost (Calc Margin),MediaTrader,012i0000001EB0xAAG,168615,513.3637,Externally Managed,12,CPM,Display,Xaxis Premium
0063100000elQlDAAU,Swiss:18356-12,"Jan 11, 2016","Apr 3, 2016",957.4,Xaxis Premium_XAXIS-XP-UAP-D,Net Cost (Calc Margin),MediaTrader,012i0000001EB0xAAG,79782,268.2769,Externally Managed,12,CPM,Display,Xaxis Premium
0063100000elQlDAAU,Swiss:18096-11,"Jan 11, 2016","Apr 3, 2016",5.3,Xaxis TV_XAXIS-XT-ROLLS-F,Net Cost (Calc Margin),MediaTrader,012i0000001EB0xAAG,160,2.385,Externally Managed,33.13,CPM,Video,Xaxis TV
0063100000elQlDAAU,Swiss:18356-3,"Jan 11, 2016","Apr 3, 2016",86.55,Xaxis Premium_XAXIS-XP-WB-I,Net Cost (Calc Margin),MediaTrader,012i0000001EB0xAAG,3607,35.09247,Externally Managed,24,CPM,Display,Xaxis Premium
0063100000elQlDAAU,Swiss:17997-4,"Jan 11, 2016","Apr 3, 2016",865.25,Xaxis Premium_XAXIS-XP-HP-D,Net Cost (Calc Margin),MediaTrader,012i0000001EB0xAAG,45539,372.0575,Externally Managed,19,CPM,Display,Xaxis Premium
0063100000elQlDAAU,Swiss:18607-7,"Jan 11, 2016","Apr 3, 2016",46.45,Xaxis Mobile_XAXIS-XM-MRT-D,Net Cost (Calc Margin),MediaTrader,012i0000001EB0xAAG,1786,14.3995,Externally Managed,26.01,CPM,Mobile,Xaxis Mobile
0063100000elQlDAAU,Swiss:18607-5,"Jan 11, 2016","Apr 3, 2016",45.75,Xaxis Premium_XAXIS-XP-HP-F,Net Cost (Calc Margin),MediaTrader,012i0000001EB0xAAG,2407,19.6694,Externally Managed,19.01,CPM,Display,Xaxis Premium
0063100000elQlDAAU,Swiss:18096-3,"Jan 11, 2016","Apr 3, 2016",81.75,Xaxis Premium_XAXIS-XP-WB-I,Net Cost (Calc Margin),MediaTrader,012i0000001EB0xAAG,3406,32.20386,Externally Managed,24,CPM,Display,Xaxis Premium
0063100000elQlDAAU,Swiss:18096-10,"Jan 11, 2016","Apr 3, 2016",45.3,Xaxis TV_XAXIS-XT-ROLLS-D,Net Cost (Calc Margin),MediaTrader,012i0000001EB0xAAG,1373,20.385,Externally Managed,32.99,CPM,Video,Xaxis TV
0063100000elQlDAAU,Swiss:17997-3,"Jan 11, 2016","Apr 3, 2016",55.8,Xaxis Premium_XAXIS-XP-WB-I,Net Cost (Calc Margin),MediaTrader,012i0000001EB0xAAG,2324,31.248,Externally Managed,24.01,CPM,Display,Xaxis Premium
0063100000elQlDAAU,Swiss:18356-10,"Jan 11, 2016","Apr 3, 2016",3003.4,Xaxis TV_XAXIS-XT-ROLLS-D,Net Cost (Calc Margin),MediaTrader,012i0000001EB0xAAG,91012,1471.666,Externally Managed,33,CPM,Video,Xaxis TV
0063100000elQlDAAU,Swiss:17997-5,"Jan 11, 2016","Apr 3, 2016",253.45,Xaxis Premium_XAXIS-XP-HP-F,Net Cost (Calc Margin),MediaTrader,012i0000001EB0xAAG,13340,108.9835,Externally Managed,19,CPM,Display,Xaxis Premium
0063100000elQlDAAU,Swiss:17997-8,"Jan 11, 2016","Apr 3, 2016",211.35,Xaxis Mobile_XAXIS-XM-MRT-F,Net Cost (Calc Margin),MediaTrader,012i0000001EB0xAAG,8129,109.902,Externally Managed,26,CPM,Mobile,Xaxis Mobile
0063100000elQlDAAU,Swiss:18356-14,"Jan 11, 2016","Apr 3, 2016",50.5,Xaxis Premium_XAXIS-XP-UAP-I,Net Cost (Calc Margin),MediaTrader,012i0000001EB0xAAG,4209,14.15081,Externally Managed,12,CPM,Display,Xaxis Premium
0063100000elQlDAAU,Swiss:18096-7,"Jan 11, 2016","Apr 3, 2016",1121.05,Xaxis Mobile_XAXIS-XM-MRT-D,Net Cost (Calc Margin),MediaTrader,012i0000001EB0xAAG,43118,269.052,Externally Managed,26,CPM,Mobile,Xaxis Mobile
0063100000elQlDAAU,Swiss:18096-2,"Jan 11, 2016","Apr 3, 2016",426.75,Xaxis Premium_XAXIS-XP-WB-F,Net Cost (Calc Margin),MediaTrader,012i0000001EB0xAAG,17782,168.1101,Externally Managed,24,CPM,Display,Xaxis Premium
0063100000elQlDAAU,Swiss:17997-7,"Jan 11, 2016","Apr 3, 2016",675.4,Xaxis Mobile_XAXIS-XM-MRT-D,Net Cost (Calc Margin),MediaTrader,012i0000001EB0xAAG,25977,351.208,Externally Managed,26,CPM,Mobile,Xaxis Mobile
0063100000elQlDAAU,Swiss:18096-9,"Jan 11, 2016","Apr 3, 2016",70.35,Xaxis Mobile_XAXIS-XM-MRT-I,Net Cost (Calc Margin),MediaTrader,012i0000001EB0xAAG,2705,16.884,Externally Managed,26.01,CPM,Mobile,Xaxis Mobile
0063100000elQlDAAU,Swiss:17997-6,"Jan 11, 2016","Apr 3, 2016",54.85,Xaxis Premium_XAXIS-XP-HP-I,Net Cost (Calc Margin),MediaTrader,012i0000001EB0xAAG,2886,23.5855,Externally Managed,19.01,CPM,Display,Xaxis Premium
0063100000elQlDAAU,Swiss:18356-9,"Jan 11, 2016","Apr 3, 2016",28.65,Xaxis Mobile_XAXIS-XM-MRT-I,Net Cost (Calc Margin),MediaTrader,012i0000001EB0xAAG,1102,6.876,Externally Managed,26,CPM,Mobile,Xaxis Mobile
0063100000elQlDAAU,Swiss:18607-6,"Jan 11, 2016","Apr 3, 2016",0.15,Xaxis Premium_XAXIS-XP-HP-I,Net Cost (Calc Margin),MediaTrader,012i0000001EB0xAAG,9,0.06448983,Externally Managed,16.67,CPM,Display,Xaxis Premium
0063100000elQmaAAE,Swiss:19090-2,"Apr 7, 2016","Jun 30, 2016",647.3,Xaxis Premium_XAXIS-XP-UAP-F,Net Cost (Calc Margin),MediaTrader,012i0000001EB0xAAG,53941,160.3843,Externally Managed,12,CPM,Display,Xaxis Premium
0063100000elQmaAAE,Swiss:18609-8,"Apr 7, 2016","Jun 30, 2016",439.7,Xaxis Mobile_XAXIS-XM-MRT-F,Net Cost (Calc Margin),MediaTrader,012i0000001EB0xAAG,14657,136.307,Externally Managed,30,CPM,Mobile,Xaxis Mobile
0063100000elQmaAAE,Swiss:18609-2,"Apr 7, 2016","Jun 30, 2016",797,Xaxis Premium_XAXIS-XP-UAP-F,Net Cost (Calc Margin),MediaTrader,012i0000001EB0xAAG,66417,179.5194,Externally Managed,12,CPM,Display,Xaxis Premium
0063100000elQmaAAE,Swiss:19090-7,"Apr 7, 2016","Jun 30, 2016",1489.4,Xaxis Mobile_XAXIS-XM-MRT-D,Net Cost (Calc Margin),MediaTrader,012i0000001EB0xAAG,49646,565.972,Externally Managed,30,CPM,Mobile,Xaxis Mobile
0063100000elQmaAAE,Swiss:18862-2,"Apr 7, 2016","Jun 30, 2016",555.7,Xaxis Premium_XAXIS-XP-UAP-F,Net Cost (Calc Margin),MediaTrader,012i0000001EB0xAAG,46309,160.6607,Externally Managed,12,CPM,Display,Xaxis Premium
0063100000elQmaAAE,Swiss:18862-4,"Apr 7, 2016","Jun 30, 2016",551.4,Xaxis Premium_XAXIS-XP-WB-F,Net Cost (Calc Margin),MediaTrader,012i0000001EB0xAAG,19693,230.4987,Externally Managed,28,CPM,Display,Xaxis Premium
0063100000elQmaAAE,Swiss:18609-7,"Apr 7, 2016","Jun 30, 2016",1026.8,Xaxis Mobile_XAXIS-XM-MRT-D,Net Cost (Calc Margin),MediaTrader,012i0000001EB0xAAG,34226,318.308,Externally Managed,30,CPM,Mobile,Xaxis Mobile
0063100000elQmaAAE,Swiss:19090-1,"Apr 7, 2016","Jun 30, 2016",1854.05,Xaxis Premium_XAXIS-XP-UAP-D,Net Cost (Calc Margin),MediaTrader,012i0000001EB0xAAG,154506,459.386,Externally Managed,12,CPM,Display,Xaxis Premium
0063100000elQmaAAE,Swiss:18609-5,"Apr 7, 2016","Jun 30, 2016",350.2,Xaxis Premium_XAXIS-XP-WB-F,Net Cost (Calc Margin),MediaTrader,012i0000001EB0xAAG,12507,173.3731,Externally Managed,28,CPM,Display,Xaxis Premium
0063100000elQmaAAE,Swiss:19090-8,"Apr 7, 2016","Jun 30, 2016",714.1,Xaxis Mobile_XAXIS-XM-MRT-F,Net Cost (Calc Margin),MediaTrader,012i0000001EB0xAAG,23803,271.358,Externally Managed,30,CPM,Mobile,Xaxis Mobile
0063100000elQmaAAE,Swiss:18862-6,"Apr 7, 2016","Jun 30, 2016",526.2,Xaxis Mobile_XAXIS-XM-MRT-F,Net Cost (Calc Margin),MediaTrader,012i0000001EB0xAAG,17540,163.122,Externally Managed,30,CPM,Mobile,Xaxis Mobile
0063100000elQmaAAE,Swiss:18862-3,"Apr 7, 2016","Jun 30, 2016",1166.45,Xaxis Premium_XAXIS-XP-WB-D,Net Cost (Calc Margin),MediaTrader,012i0000001EB0xAAG,41659,487.6047,Externally Managed,28,CPM,Display,Xaxis Premium
0063100000elQmaAAE,Swiss:19090-5,"Apr 7, 2016","Jun 30, 2016",778.4,Xaxis Premium_XAXIS-XP-WB-F,Net Cost (Calc Margin),MediaTrader,012i0000001EB0xAAG,27800,413.4762,Externally Managed,28,CPM,Display,Xaxis Premium
0063100000elQmaAAE,Swiss:18609-1,"Apr 7, 2016","Jun 30, 2016",2223.2,Xaxis Premium_XAXIS-XP-UAP-D,Net Cost (Calc Margin),MediaTrader,012i0000001EB0xAAG,185265,500.7622,Externally Managed,12,CPM,Display,Xaxis Premium
0063100000elQmaAAE,Swiss:19090-4,"Apr 7, 2016","Jun 30, 2016",1977.4,Xaxis Premium_XAXIS-XP-WB-D,Net Cost (Calc Margin),MediaTrader,012i0000001EB0xAAG,70622,1050.37,Externally Managed,28,CPM,Display,Xaxis Premium
0063100000elQmaAAE,Swiss:18862-5,"Apr 7, 2016","Jun 30, 2016",1191.95,Xaxis Mobile_XAXIS-XM-MRT-D,Net Cost (Calc Margin),MediaTrader,012i0000001EB0xAAG,39731,369.5045,Externally Managed,30,CPM,Mobile,Xaxis Mobile
0063100000elQmaAAE,Swiss:18609-4,"Apr 7, 2016","Jun 30, 2016",776.15,Xaxis Premium_XAXIS-XP-WB-D,Net Cost (Calc Margin),MediaTrader,012i0000001EB0xAAG,27719,384.2476,Externally Managed,28,CPM,Display,Xaxis Premium
0063100000elQmaAAE,Swiss:18862-1,"Apr 7, 2016","Jun 30, 2016",1522.75,Xaxis Premium_XAXIS-XP-UAP-D,Net Cost (Calc Margin),MediaTrader,012i0000001EB0xAAG,126896,440.2486,Externally Managed,12,CPM,Display,Xaxis Premium
0063100000elQlYAAU,Swiss:18611-5,"Apr 7, 2016","Apr 30, 2016",562.05,Xaxis Premium_XAXIS-XP-WB-F,Net Cost (Calc Margin),MediaTrader,012i0000001EB0xAAG,20074,278.2534,Externally Managed,28,CPM,Display,Xaxis Premium
0063100000elQlYAAU,Swiss:18611-8,"Apr 7, 2016","Apr 30, 2016",655.6,Xaxis Mobile_XAXIS-XM-MRT-F,Net Cost (Calc Margin),MediaTrader,012i0000001EB0xAAG,21853,203.236,Externally Managed,30,CPM,Mobile,Xaxis Mobile
0063100000elQlYAAU,Swiss:18611-7,"Apr 7, 2016","Apr 30, 2016",1575,Xaxis Mobile_XAXIS-XM-MRT-D,Net Cost (Calc Margin),MediaTrader,012i0000001EB0xAAG,52500,488.25,Externally Managed,30,CPM,Mobile,Xaxis Mobile
0063100000elQlYAAU,Swiss:18611-4,"Apr 7, 2016","Apr 30, 2016",1358.65,Xaxis Premium_XAXIS-XP-WB-D,Net Cost (Calc Margin),MediaTrader,012i0000001EB0xAAG,48523,672.6251,Externally Managed,28,CPM,Display,Xaxis Premium
0063100000elQmbAAE,Swiss:18863-2,"Apr 7, 2016","Jun 30, 2016",1191,Xaxis TV_XAXIS-XT-ROLLS-F,Net Cost (Calc Margin),MediaTrader,012i0000001EB0xAAG,36091,583.59,Externally Managed,33,CPM,Video,Xaxis TV
0063100000elQmbAAE,Swiss:18610-2,"Apr 7, 2016","Jun 30, 2016",2020.05,Xaxis TV_XAXIS-XT-ROLLS-F,Net Cost (Calc Margin),MediaTrader,012i0000001EB0xAAG,61214,1050.426,Externally Managed,33,CPM,Video,Xaxis TV
0063100000elQmbAAE,Swiss:18863-1,"Apr 7, 2016","Jun 30, 2016",3020.8,Xaxis TV_XAXIS-XT-ROLLS-D,Net Cost (Calc Margin),MediaTrader,012i0000001EB0xAAG,91540,1480.192,Externally Managed,33,CPM,Video,Xaxis TV
0063100000elQmbAAE,Swiss:19091-1,"Apr 7, 2016","Jun 30, 2016",7711.05,Xaxis TV_XAXIS-XT-ROLLS-D,Net Cost (Calc Margin),MediaTrader,012i0000001EB0xAAG,233668,4241.078,Externally Managed,33,CPM,Video,Xaxis TV
0063100000elQmbAAE,Swiss:19091-2,"Apr 7, 2016","Jun 30, 2016",1645.7,Xaxis TV_XAXIS-XT-ROLLS-F,Net Cost (Calc Margin),MediaTrader,012i0000001EB0xAAG,49869,905.135,Externally Managed,33,CPM,Video,Xaxis TV
0063100000elQmbAAE,Swiss:18610-1,"Apr 7, 2016","Jun 30, 2016",3240.7,Xaxis TV_XAXIS-XT-ROLLS-D,Net Cost (Calc Margin),MediaTrader,012i0000001EB0xAAG,98203,1685.164,Externally Managed,33,CPM,Video,Xaxis TV
0063100000elQnXAAU,Swiss:19296-4,"Jul 11, 2016","Sep 30, 2016",450.95,Xaxis Mobile_XAXIS-XM-MRT-F,Net Cost (Calc Margin),MediaTrader,012i0000001EB0xAAG,17345,189.399,Externally Managed,26,CPM,Mobile,Xaxis Mobile
0063100000elQnXAAU,Swiss:19830-2,"Jul 11, 2016","Sep 30, 2016",1686.75,Xaxis Premium_XAXIS-XP-WB-F,Net Cost (Calc Margin),MediaTrader,012i0000001EB0xAAG,70281,806.15,Externally Managed,24,CPM,Display,Xaxis Premium
0063100000elQnXAAU,Swiss:19830-3,"Jul 11, 2016","Sep 30, 2016",115.1,Xaxis Mobile_XAXIS-XM-MRT-D,Net Cost (Calc Margin),MediaTrader,012i0000001EB0xAAG,4427,50.34,Externally Managed,26,CPM,Mobile,Xaxis Mobile
0063100000elQnXAAU,Swiss:19830-1,"Jul 11, 2016","Sep 30, 2016",163.65,Xaxis Premium_XAXIS-XP-WB-D,Net Cost (Calc Margin),MediaTrader,012i0000001EB0xAAG,6818,78.21,Externally Managed,24,CPM,Display,Xaxis Premium
0063100000elQnXAAU,Swiss:19296-2,"Jul 11, 2016","Sep 30, 2016",449.5,Xaxis Premium_XAXIS-XP-WB-F,Net Cost (Calc Margin),MediaTrader,012i0000001EB0xAAG,18729,224.75,Externally Managed,24,CPM,Display,Xaxis Premium
0063100000elQnXAAU,Swiss:19296-3,"Jul 11, 2016","Sep 30, 2016",1155.1,Xaxis Mobile_XAXIS-XM-MRT-D,Net Cost (Calc Margin),MediaTrader,012i0000001EB0xAAG,44426,485.142,Externally Managed,26,CPM,Mobile,Xaxis Mobile
0063100000elQnXAAU,Swiss:19539-3,"Jul 11, 2016","Sep 30, 2016",1906.35,Xaxis Mobile_XAXIS-XM-MRT-D,Net Cost (Calc Margin),MediaTrader,012i0000001EB0xAAG,73321,799.14,Externally Managed,26,CPM,Mobile,Xaxis Mobile
0063100000elQnXAAU,Swiss:19830-4,"Jul 11, 2016","Sep 30, 2016",1863.95,Xaxis Mobile_XAXIS-XM-MRT-F,Net Cost (Calc Margin),MediaTrader,012i0000001EB0xAAG,71690,815.28,Externally Managed,26,CPM,Mobile,Xaxis Mobile
0063100000elQnXAAU,Swiss:19539-1,"Jul 11, 2016","Sep 30, 2016",1749.55,Xaxis Premium_XAXIS-XP-WB-D,Net Cost (Calc Margin),MediaTrader,012i0000001EB0xAAG,72898,916.81,Externally Managed,24,CPM,Display,Xaxis Premium
0063100000elQnXAAU,Swiss:19539-2,"Jul 11, 2016","Sep 30, 2016",828.2,Xaxis Premium_XAXIS-XP-WB-F,Net Cost (Calc Margin),MediaTrader,012i0000001EB0xAAG,34509,434,Externally Managed,24,CPM,Display,Xaxis Premium
0063100000elQnXAAU,Swiss:19296-1,"Jul 11, 2016","Sep 30, 2016",1229.7,Xaxis Premium_XAXIS-XP-WB-D,Net Cost (Calc Margin),MediaTrader,012i0000001EB0xAAG,51238,614.85,Externally Managed,24,CPM,Display,Xaxis Premium
0063100000elQnXAAU,Swiss:19539-4,"Jul 11, 2016","Sep 30, 2016",810.3,Xaxis Mobile_XAXIS-XM-MRT-F,Net Cost (Calc Margin),MediaTrader,012i0000001EB0xAAG,31166,339.68,Externally Managed,26,CPM,Mobile,Xaxis Mobile
0063100000elQmQAAU,Swiss:19380-1,"Mar 14, 2016","Jun 26, 2016",2912.3,Xaxis TV_XAXIS-XT-ROLLS-F,Net Cost (Calc Margin),MediaTrader,012i0000001EB0xAAG,88251,1601.765,Externally Managed,33,CPM,Video,Xaxis TV
0063100000elQmQAAU,Swiss:18358-2,"Mar 14, 2016","Jun 26, 2016",497.4,Xaxis TV_XAXIS-XT-ROLLS-I,Net Cost (Calc Margin),MediaTrader,012i0000001EB0xAAG,15073,243.726,Externally Managed,33,CPM,Video,Xaxis TV
0063100000elQmQAAU,Swiss:18608-1,"Mar 14, 2016","Jun 26, 2016",1779.35,Xaxis TV_XAXIS-XT-ROLLS-F,Net Cost (Calc Margin),MediaTrader,012i0000001EB0xAAG,53920,925.262,Externally Managed,33,CPM,Video,Xaxis TV
0063100000elQmQAAU,Swiss:18358-1,"Mar 14, 2016","Jun 26, 2016",3050.15,Xaxis TV_XAXIS-XT-ROLLS-F,Net Cost (Calc Margin),MediaTrader,012i0000001EB0xAAG,92429,1494.573,Externally Managed,33,CPM,Video,Xaxis TV
0063100000elQmQAAU,Swiss:19380-2,"Mar 14, 2016","Jun 26, 2016",414.6,Xaxis TV_XAXIS-XT-ROLLS-I,Net Cost (Calc Margin),MediaTrader,012i0000001EB0xAAG,12564,228.03,Externally Managed,33,CPM,Video,Xaxis TV
0063100000elQmQAAU,Swiss:18608-2,"Mar 14, 2016","Jun 26, 2016",304.95,Xaxis TV_XAXIS-XT-ROLLS-I,Net Cost (Calc Margin),MediaTrader,012i0000001EB0xAAG,9241,158.574,Externally Managed,33,CPM,Video,Xaxis TV
0063100000elQjzAAE,Swiss:17834-2,"Jan 31, 2016","Nov 9, 2016",105.45,Xaxis Premium_XAXIS-XP-UAP-F,Net Cost (Calc Margin),MediaTrader,012i0000001EB0xAAG,11718,32.6895,Externally Managed,9,CPM,Display,Xaxis Premium
0063100000elQjzAAE,Swiss:17834-1,"Jan 31, 2016","Nov 9, 2016",270.7,Xaxis Premium_XAXIS-XP-UAP-D,Net Cost (Calc Margin),MediaTrader,012i0000001EB0xAAG,30077,83.917,Externally Managed,9,CPM,Display,Xaxis Premium
0063100000elQjzAAE,Swiss:17834-4,"Jan 31, 2016","Nov 9, 2016",112.4,Xaxis Premium_XAXIS-XP-HP-F,Net Cost (Calc Margin),MediaTrader,012i0000001EB0xAAG,5620,48.332,Externally Managed,20,CPM,Display,Xaxis Premium
0063100000elQjzAAE,Swiss:17834-3,"Jan 31, 2016","Nov 9, 2016",15.25,Xaxis Premium_XAXIS-XP-UAP-I,Net Cost (Calc Margin),MediaTrader,012i0000001EB0xAAG,1694,4.7275,Externally Managed,9,CPM,Display,Xaxis Premium
0063100000elQkuAAE,Swiss:18357-9,"Feb 22, 2016","Mar 20, 2016",734.4,Xaxis TV_XAXIS-XT-ROLLS-I,Net Cost (Calc Margin),MediaTrader,012i0000001EB0xAAG,25324,359.856,Externally Managed,29,CPM,Video,Xaxis TV
0063100000elQleAAE,Swiss:18801-5,"Apr 6, 2016","May 1, 2016",2375,Xaxis Premium_XAXIS-XP-WB-F,Net Cost (Calc Margin),MediaTrader,012i0000001EB0xAAG,118750,992.8082,Externally Managed,20,CPM,Display,Xaxis Premium
0063100000elQleAAE,Swiss:18561-4,"Apr 6, 2016","May 1, 2016",10997.05,Xaxis Premium_XAXIS-XP-WB-D,Net Cost (Calc Margin),MediaTrader,012i0000001EB0xAAG,549853,5444.295,Externally Managed,20,CPM,Display,Xaxis Premium
0063100000elQleAAE,Swiss:18561-6,"Apr 6, 2016","May 1, 2016",600,Xaxis Premium_XAXIS-XP-WB-I,Net Cost (Calc Margin),MediaTrader,012i0000001EB0xAAG,30000,297.0412,Externally Managed,20,CPM,Display,Xaxis Premium
0063100000elQleAAE,Swiss:18801-6,"Apr 6, 2016","May 1, 2016",475,Xaxis Premium_XAXIS-XP-WB-I,Net Cost (Calc Margin),MediaTrader,012i0000001EB0xAAG,23750,198.5616,Externally Managed,20,CPM,Display,Xaxis Premium
0063100000elQleAAE,Swiss:18801-2,"Apr 6, 2016","May 1, 2016",5000,Xaxis Premium_XAXIS-XP-HP-F,Net Cost (Calc Margin),MediaTrader,012i0000001EB0xAAG,333333,2152.555,Externally Managed,15,CPM,Display,Xaxis Premium
0063100000elQleAAE,Swiss:18801-1,"Apr 6, 2016","May 1, 2016",14250,Xaxis Premium_XAXIS-XP-HP-D,Net Cost (Calc Margin),MediaTrader,012i0000001EB0xAAG,950000,6134.781,Externally Managed,15,CPM,Display,Xaxis Premium
0063100000elQleAAE,Swiss:18800-2,"Apr 6, 2016","May 1, 2016",35.3,Xaxis Premium_XAXIS-XP-HP-F,Net Cost (Calc Margin),MediaTrader,012i0000001EB0xAAG,2353,15.19704,Externally Managed,15,CPM,Display,Xaxis Premium
0063100000elQleAAE,Swiss:18561-2,"Apr 6, 2016","May 1, 2016",2038.2,Xaxis Premium_XAXIS-XP-HP-F,Net Cost (Calc Margin),MediaTrader,012i0000001EB0xAAG,135879,876.2878,Externally Managed,15,CPM,Display,Xaxis Premium
0063100000elQkqAAE,Swiss:18307-1,"Feb 15, 2016","Mar 20, 2016",1732.1,Xaxis Premium_XAXIS-XP-HP-D,Net Cost (Calc Margin),MediaTrader,012i0000001EB0xAAG,91162,653.1437,Externally Managed,19,CPM,Display,Xaxis Premium
0063100000elQkqAAE,Swiss:18307-6,"Feb 15, 2016","Mar 20, 2016",159.95,Xaxis Premium_XAXIS-XP-WB-I,Net Cost (Calc Margin),MediaTrader,012i0000001EB0xAAG,6665,64.85316,Externally Managed,24,CPM,Display,Xaxis Premium
0063100000elQkqAAE,Swiss:18307-2,"Feb 15, 2016","Mar 20, 2016",755.25,Xaxis Premium_XAXIS-XP-HP-F,Net Cost (Calc Margin),MediaTrader,012i0000001EB0xAAG,39750,284.7911,Externally Managed,19,CPM,Display,Xaxis Premium
0063100000elQkqAAE,Swiss:18101-4,"Feb 15, 2016","Mar 20, 2016",1543.5,Xaxis Premium_XAXIS-XP-WB-D,Net Cost (Calc Margin),MediaTrader,012i0000001EB0xAAG,64312,608.0325,Externally Managed,24,CPM,Display,Xaxis Premium
0063100000elQkqAAE,Swiss:18101-3,"Feb 15, 2016","Mar 20, 2016",134.05,Xaxis Premium_XAXIS-XP-HP-I,Net Cost (Calc Margin),MediaTrader,012i0000001EB0xAAG,7056,48.44755,Externally Managed,19,CPM,Display,Xaxis Premium
0063100000elQkqAAE,Swiss:18101-5,"Feb 15, 2016","Mar 20, 2016",567.5,Xaxis Premium_XAXIS-XP-WB-F,Net Cost (Calc Margin),MediaTrader,012i0000001EB0xAAG,23646,223.5558,Externally Managed,24,CPM,Display,Xaxis Premium
0063100000elQkqAAE,Swiss:18101-1,"Feb 15, 2016","Mar 20, 2016",1809.45,Xaxis Premium_XAXIS-XP-HP-D,Net Cost (Calc Margin),MediaTrader,012i0000001EB0xAAG,95235,653.9606,Externally Managed,19,CPM,Display,Xaxis Premium
0063100000elQkqAAE,Swiss:18307-4,"Feb 15, 2016","Mar 20, 2016",2051.35,Xaxis Premium_XAXIS-XP-WB-D,Net Cost (Calc Margin),MediaTrader,012i0000001EB0xAAG,85472,831.7382,Externally Managed,24,CPM,Display,Xaxis Premium
0063100000elQkqAAE,Swiss:18101-6,"Feb 15, 2016","Mar 20, 2016",93,Xaxis Premium_XAXIS-XP-WB-I,Net Cost (Calc Margin),MediaTrader,012i0000001EB0xAAG,3876,36.63558,Externally Managed,23.99,CPM,Display,Xaxis Premium
0063100000elQkqAAE,Swiss:18307-5,"Feb 15, 2016","Mar 20, 2016",630.75,Xaxis Premium_XAXIS-XP-WB-F,Net Cost (Calc Margin),MediaTrader,012i0000001EB0xAAG,26282,255.7432,Externally Managed,24,CPM,Display,Xaxis Premium
0063100000elQkqAAE,Swiss:18101-2,"Feb 15, 2016","Mar 20, 2016",404.2,Xaxis Premium_XAXIS-XP-HP-F,Net Cost (Calc Margin),MediaTrader,012i0000001EB0xAAG,21273,146.0836,Externally Managed,19,CPM,Display,Xaxis Premium
0063100000elQkqAAE,Swiss:18307-3,"Feb 15, 2016","Mar 20, 2016",118.9,Xaxis Premium_XAXIS-XP-HP-I,Net Cost (Calc Margin),MediaTrader,012i0000001EB0xAAG,6258,44.83504,Externally Managed,19,CPM,Display,Xaxis Premium
0063100000elQnDAAU,Swiss:19515-2,"Jul 11, 2016","Aug 7, 2016",322.75,Xaxis Premium_XAXIS-XP-UAP-F,Net Cost (Calc Margin),MediaTrader,012i0000001EB0xAAG,40343,131.74,Externally Managed,8,CPM,Display,Xaxis Premium
0063100000elQnDAAU,Swiss:19302-1,"Jul 11, 2016","Aug 7, 2016",5541.55,Xaxis Premium_XAXIS-XP-UAP-D,Net Cost (Calc Margin),MediaTrader,012i0000001EB0xAAG,692694,1828.711,Externally Managed,8,CPM,Display,Xaxis Premium
0063100000elQnDAAU,Swiss:19302-2,"Jul 11, 2016","Aug 7, 2016",2677.25,Xaxis Premium_XAXIS-XP-UAP-F,Net Cost (Calc Margin),MediaTrader,012i0000001EB0xAAG,334657,883.4925,Externally Managed,8,CPM,Display,Xaxis Premium
0063100000elQnDAAU,Swiss:19515-4,"Jul 11, 2016","Aug 7, 2016",719.55,Xaxis Mobile_XAXIS-XM-MRT-F,Net Cost (Calc Margin),MediaTrader,012i0000001EB0xAAG,32706,301.64,Externally Managed,22,CPM,Mobile,Xaxis Mobile
0063100000elQnDAAU,Swiss:19302-4,"Jul 11, 2016","Aug 7, 2016",2280.5,Xaxis Mobile_XAXIS-XM-MRT-F,Net Cost (Calc Margin),MediaTrader,012i0000001EB0xAAG,103658,957.81,Externally Managed,22,CPM,Mobile,Xaxis Mobile
0063100000elQnDAAU,Swiss:19515-3,"Jul 11, 2016","Aug 7, 2016",2108.05,Xaxis Mobile_XAXIS-XM-MRT-D,Net Cost (Calc Margin),MediaTrader,012i0000001EB0xAAG,95820,883.7,Externally Managed,22,CPM,Mobile,Xaxis Mobile
0063100000elQnDAAU,Swiss:19302-3,"Jul 11, 2016","Aug 7, 2016",4891.95,Xaxis Mobile_XAXIS-XM-MRT-D,Net Cost (Calc Margin),MediaTrader,012i0000001EB0xAAG,222362,2054.619,Externally Managed,22,CPM,Mobile,Xaxis Mobile
0063100000elQnDAAU,Swiss:19515-1,"Jul 11, 2016","Aug 7, 2016",1458.45,Xaxis Premium_XAXIS-XP-UAP-D,Net Cost (Calc Margin),MediaTrader,012i0000001EB0xAAG,182306,595.31,Externally Managed,8,CPM,Display,Xaxis Premium
0063100000elQlmAAE,Swiss:18802-1,"May 2, 2016","May 6, 2016",4000,Xaxis Premium_XAXIS-XP-UAP-D,Net Cost (Calc Margin),MediaTrader,012i0000001EB0xAAG,1000000,1156.457,Externally Managed,4,CPM,Display,Xaxis Premium
0063100000elQlmAAE,Swiss:18802-2,"May 2, 2016","May 6, 2016",1900,Xaxis Premium_XAXIS-XP-UAP-F,Net Cost (Calc Margin),MediaTrader,012i0000001EB0xAAG,475000,549.3169,Externally Managed,4,CPM,Display,Xaxis Premium
0063100000elQnpAAE,Swiss:19775-2,"Sep 12, 2016","Oct 23, 2016",2380.7,Xaxis TV_XAXIS-XT-MULTI-F,Net Cost (Calc Margin),MediaTrader,012i0000001EB0xAAG,48586,1772.86,Externally Managed,49,CPM,Video,Xaxis TV
0063100000elQnpAAE,Swiss:19775-1,"Sep 12, 2016","Oct 23, 2016",6650.85,Xaxis TV_XAXIS-XT-MULTI-D,Net Cost (Calc Margin),MediaTrader,012i0000001EB0xAAG,135732,4952.76,Externally Managed,49,CPM,Video,Xaxis TV
0063100000elQjsAAE,Swiss:17837-1,"Jan 18, 2016","Jan 24, 2016",4000,Xaxis Premium_XAXIS-XP-UAP-D,Net Cost (Calc Margin),MediaTrader,012i0000001EB0xAAG,1000000,1240,Externally Managed,4,CPM,Display,Xaxis Premium
0063100000elQjsAAE,Swiss:17837-2,"Jan 18, 2016","Jan 24, 2016",2000,Xaxis Premium_XAXIS-XP-UAP-F,Net Cost (Calc Margin),MediaTrader,012i0000001EB0xAAG,500000,620,Externally Managed,4,CPM,Display,Xaxis Premium
0063100000elQmlAAE,Swiss:19098-2,"Jun 27, 2016","Jul 3, 2016",570.3,Xaxis Premium_XAXIS-XP-UAP-F,Net Cost (Calc Margin),MediaTrader,012i0000001EB0xAAG,142580,141.3057,Externally Managed,4,CPM,Display,Xaxis Premium
0063100000elQmlAAE,Swiss:19098-1,"Jun 27, 2016","Jul 3, 2016",2477.8,Xaxis Premium_XAXIS-XP-UAP-D,Net Cost (Calc Margin),MediaTrader,012i0000001EB0xAAG,619452,613.9353,Externally Managed,4,CPM,Display,Xaxis Premium
0063100000elQmlAAE,Swiss:19301-2,"Jun 27, 2016","Jul 3, 2016",1033,Xaxis Premium_XAXIS-XP-UAP-F,Net Cost (Calc Margin),MediaTrader,012i0000001EB0xAAG,258247,340.89,Externally Managed,4,CPM,Display,Xaxis Premium
0063100000elQmlAAE,Swiss:19301-1,"Jun 27, 2016","Jul 3, 2016",1522.2,Xaxis Premium_XAXIS-XP-UAP-D,Net Cost (Calc Margin),MediaTrader,012i0000001EB0xAAG,380548,502.326,Externally Managed,4,CPM,Display,Xaxis Premium
0063100000elQlHAAU,Swiss:18311-1,"Feb 15, 2016","Apr 3, 2016",2729.65,Xaxis Premium_XAXIS-XP-WB-D,Net Cost (Calc Margin),MediaTrader,012i0000001EB0xAAG,113736,1106.761,Externally Managed,24,CPM,Display,Xaxis Premium
0063100000elQlHAAU,Swiss:18103-1,"Feb 15, 2016","Apr 3, 2016",1745.9,Xaxis Premium_XAXIS-XP-WB-D,Net Cost (Calc Margin),MediaTrader,012i0000001EB0xAAG,72745,687.7641,Externally Managed,24,CPM,Display,Xaxis Premium
0063100000elQlHAAU,Swiss:18311-4,"Feb 15, 2016","Apr 3, 2016",2047.7,Xaxis Premium_XAXIS-XP-HP-F,Net Cost (Calc Margin),MediaTrader,012i0000001EB0xAAG,107774,772.1507,Externally Managed,19,CPM,Display,Xaxis Premium
0063100000elQlHAAU,Swiss:18103-4,"Feb 15, 2016","Apr 3, 2016",531.3,Xaxis Premium_XAXIS-XP-HP-F,Net Cost (Calc Margin),MediaTrader,012i0000001EB0xAAG,27962,192.0193,Externally Managed,19,CPM,Display,Xaxis Premium
0063100000elQlHAAU,Swiss:18103-2,"Feb 15, 2016","Apr 3, 2016",667.3,Xaxis Premium_XAXIS-XP-WB-F,Net Cost (Calc Margin),MediaTrader,012i0000001EB0xAAG,27804,262.8702,Externally Managed,24,CPM,Display,Xaxis Premium
0063100000elQlHAAU,Swiss:18311-2,"Feb 15, 2016","Apr 3, 2016",1748.85,Xaxis Premium_XAXIS-XP-WB-F,Net Cost (Calc Margin),MediaTrader,012i0000001EB0xAAG,72868,709.0869,Externally Managed,24,CPM,Display,Xaxis Premium
0063100000elQlHAAU,Swiss:18103-3,"Feb 15, 2016","Apr 3, 2016",2123.5,Xaxis Premium_XAXIS-XP-HP-D,Net Cost (Calc Margin),MediaTrader,012i0000001EB0xAAG,111762,767.4627,Externally Managed,19,CPM,Display,Xaxis Premium
0063100000elQlHAAU,Swiss:18311-3,"Feb 15, 2016","Apr 3, 2016",2434.75,Xaxis Premium_XAXIS-XP-HP-D,Net Cost (Calc Margin),MediaTrader,012i0000001EB0xAAG,128146,918.1003,Externally Managed,19,CPM,Display,Xaxis Premium
0063100000elQmgAAE,Swiss:18981-3,"Jan 25, 2016","Jul 3, 2016",1204.85,Xaxis Display_XAXIS-XD-UAP-D,Net Cost (Calc Margin),MediaTrader,012i0000001EB0xAAG,109530,348.3392,Externally Managed,11,CPM,Display,Xaxis Display
0063100000elQmgAAE,Swiss:18104-2,"Jan 25, 2016","Jul 3, 2016",284.85,Xaxis Display_XAXIS-XD-UAP-F,Net Cost (Calc Margin),MediaTrader,012i0000001EB0xAAG,40693,72.27027,Externally Managed,7,CPM,Display,Xaxis Display
0063100000elQmgAAE,Swiss:19723-1,"Jan 25, 2016","Jul 3, 2016",-1123.95,Xaxis Display_XAXIS-XD-UAP-D,Net Cost (Calc Margin),MediaTrader,012i0000001EB0xAAG,-160561,-458.78,Externally Managed,7,CPM,Display,Xaxis Display
0063100000elQmgAAE,Swiss:19303-1,"Jan 25, 2016","Jul 3, 2016",155.5,Xaxis Display_XAXIS-XD-UAP-D,Net Cost (Calc Margin),MediaTrader,012i0000001EB0xAAG,14138,51.315,Externally Managed,11,CPM,Display,Xaxis Display
0063100000elQmgAAE,Swiss:19724-2,"Jan 25, 2016","Jul 3, 2016",153.3,Xaxis Display_XAXIS-XD-UAP-F,Net Cost (Calc Margin),MediaTrader,012i0000001EB0xAAG,21903,62.57,Externally Managed,7,CPM,Display,Xaxis Display
0063100000elQmgAAE,Swiss:18562-2,"Jan 25, 2016","Jul 3, 2016",698.95,Xaxis Display_XAXIS-XD-UAP-F,Net Cost (Calc Margin),MediaTrader,012i0000001EB0xAAG,99850,157.4342,Externally Managed,7,CPM,Display,Xaxis Display
0063100000elQmgAAE,Swiss:19516-1,"Jan 25, 2016","Jul 3, 2016",1123.95,Xaxis Display_XAXIS-XD-UAP-D,Net Cost (Calc Margin),MediaTrader,012i0000001EB0xAAG,160561,458.78,Externally Managed,7,CPM,Display,Xaxis Display
0063100000elQmgAAE,Swiss:19717-1,"Jan 25, 2016","Jul 3, 2016",-1123.95,Xaxis Display_XAXIS-XD-UAP-D,Net Cost (Calc Margin),MediaTrader,012i0000001EB0xAAG,-160561,-458.78,Externally Managed,7,CPM,Display,Xaxis Display
0063100000elQmgAAE,Swiss:19718-2,"Jan 25, 2016","Jul 3, 2016",153.3,Xaxis Display_XAXIS-XD-UAP-F,Net Cost (Calc Margin),MediaTrader,012i0000001EB0xAAG,21903,62.57,Externally Managed,7,CPM,Display,Xaxis Display
0063100000elQmgAAE,Swiss:19099-4,"Jan 25, 2016","Jul 3, 2016",1318.55,Xaxis Display_XAXIS-XD-UAP-F,Net Cost (Calc Margin),MediaTrader,012i0000001EB0xAAG,119870,326.7029,Externally Managed,11,CPM,Display,Xaxis Display
0063100000elQmgAAE,Swiss:19718-1,"Jan 25, 2016","Jul 3, 2016",1123.95,Xaxis Display_XAXIS-XD-UAP-D,Net Cost (Calc Margin),MediaTrader,012i0000001EB0xAAG,160561,458.78,Externally Managed,7,CPM,Display,Xaxis Display
0063100000elQmgAAE,Swiss:19516-2,"Jan 25, 2016","Jul 3, 2016",153.3,Xaxis Display_XAXIS-XD-UAP-F,Net Cost (Calc Margin),MediaTrader,012i0000001EB0xAAG,21903,62.57,Externally Managed,7,CPM,Display,Xaxis Display
0063100000elQmgAAE,Swiss:19717-2,"Jan 25, 2016","Jul 3, 2016",-153.3,Xaxis Display_XAXIS-XD-UAP-F,Net Cost (Calc Margin),MediaTrader,012i0000001EB0xAAG,-21903,-62.57,Externally Managed,7,CPM,Display,Xaxis Display
0063100000elQmgAAE,Swiss:18312-1,"Jan 25, 2016","Jul 3, 2016",1111.15,Xaxis Display_XAXIS-XD-UAP-D,Net Cost (Calc Margin),MediaTrader,012i0000001EB0xAAG,158734,311.3598,Externally Managed,7,CPM,Display,Xaxis Display
0063100000elQmgAAE,Swiss:18562-4,"Jan 25, 2016","Jul 3, 2016",522.65,Xaxis Display_XAXIS-XD-UAP-F,Net Cost (Calc Margin),MediaTrader,012i0000001EB0xAAG,47515,117.7237,Externally Managed,11,CPM,Display,Xaxis Display
0063100000elQmgAAE,Swiss:19099-3,"Jan 25, 2016","Jul 3, 2016",3222.75,Xaxis Display_XAXIS-XD-UAP-D,Net Cost (Calc Margin),MediaTrader,012i0000001EB0xAAG,292975,798.5148,Externally Managed,11,CPM,Display,Xaxis Display
0063100000elQmgAAE,Swiss:18104-4,"Jan 25, 2016","Jul 3, 2016",730.35,Xaxis Display_XAXIS-XD-UAP-F,Net Cost (Calc Margin),MediaTrader,012i0000001EB0xAAG,66395,185.2996,Externally Managed,11,CPM,Display,Xaxis Display
0063100000elQmgAAE,Swiss:17863-2,"Jan 25, 2016","Jul 3, 2016",48.5,Xaxis Display_XAXIS-XD-UAP-F,Net Cost (Calc Margin),MediaTrader,012i0000001EB0xAAG,4410,15.035,Externally Managed,11,CPM,Display,Xaxis Display
0063100000elQmgAAE,Swiss:18312-3,"Jan 25, 2016","Jul 3, 2016",354.2,Xaxis Display_XAXIS-XD-UAP-D,Net Cost (Calc Margin),MediaTrader,012i0000001EB0xAAG,32200,99.2518,Externally Managed,11,CPM,Display,Xaxis Display
0063100000elQmgAAE,Swiss:19723-2,"Jan 25, 2016","Jul 3, 2016",-153.3,Xaxis Display_XAXIS-XD-UAP-F,Net Cost (Calc Margin),MediaTrader,012i0000001EB0xAAG,-21903,-62.57,Externally Managed,7,CPM,Display,Xaxis Display
0063100000elQmgAAE,Swiss:18104-1,"Jan 25, 2016","Jul 3, 2016",673.75,Xaxis Display_XAXIS-XD-UAP-D,Net Cost (Calc Margin),MediaTrader,012i0000001EB0xAAG,96248,170.9394,Externally Managed,7,CPM,Display,Xaxis Display
0063100000elQmgAAE,Swiss:18981-2,"Jan 25, 2016","Jul 3, 2016",642.2,Xaxis Display_XAXIS-XD-UAP-F,Net Cost (Calc Margin),MediaTrader,012i0000001EB0xAAG,91746,185.6691,Externally Managed,7,CPM,Display,Xaxis Display
0063100000elQmgAAE,Swiss:19099-2,"Jan 25, 2016","Jul 3, 2016",592.85,Xaxis Display_XAXIS-XD-UAP-F,Net Cost (Calc Margin),MediaTrader,012i0000001EB0xAAG,84691,146.893,Externally Managed,7,CPM,Display,Xaxis Display
0063100000elQmgAAE,Swiss:17863-1,"Jan 25, 2016","Jul 3, 2016",322.15,Xaxis Display_XAXIS-XD-UAP-D,Net Cost (Calc Margin),MediaTrader,012i0000001EB0xAAG,29286,99.8665,Externally Managed,11,CPM,Display,Xaxis Display
0063100000elQmgAAE,Swiss:18562-1,"Jan 25, 2016","Jul 3, 2016",1566.7,Xaxis Display_XAXIS-XD-UAP-D,Net Cost (Calc Margin),MediaTrader,012i0000001EB0xAAG,223816,352.8896,Externally Managed,7,CPM,Display,Xaxis Display
0063100000elQmgAAE,Swiss:19303-2,"Jan 25, 2016","Jul 3, 2016",123.85,Xaxis Display_XAXIS-XD-UAP-F,Net Cost (Calc Margin),MediaTrader,012i0000001EB0xAAG,11260,40.8705,Externally Managed,11,CPM,Display,Xaxis Display
0063100000elQmgAAE,Swiss:19099-1,"Jan 25, 2016","Jul 3, 2016",737.5,Xaxis Display_XAXIS-XD-UAP-D,Net Cost (Calc Margin),MediaTrader,012i0000001EB0xAAG,105359,182.7336,Externally Managed,7,CPM,Display,Xaxis Display
0063100000elQmgAAE,Swiss:19724-1,"Jan 25, 2016","Jul 3, 2016",1123.95,Xaxis Display_XAXIS-XD-UAP-D,Net Cost (Calc Margin),MediaTrader,012i0000001EB0xAAG,160561,458.78,Externally Managed,7,CPM,Display,Xaxis Display
0063100000elQmgAAE,Swiss:18981-4,"Jan 25, 2016","Jul 3, 2016",429.45,Xaxis Display_XAXIS-XD-UAP-F,Net Cost (Calc Margin),MediaTrader,012i0000001EB0xAAG,39039,124.1601,Externally Managed,11,CPM,Display,Xaxis Display
0063100000elQmgAAE,Swiss:18104-3,"Jan 25, 2016","Jul 3, 2016",1660.25,Xaxis Display_XAXIS-XD-UAP-D,Net Cost (Calc Margin),MediaTrader,012i0000001EB0xAAG,150933,421.2277,Externally Managed,11,CPM,Display,Xaxis Display
0063100000elQmgAAE,Swiss:18981-1,"Jan 25, 2016","Jul 3, 2016",941.55,Xaxis Display_XAXIS-XD-UAP-D,Net Cost (Calc Margin),MediaTrader,012i0000001EB0xAAG,134505,272.2154,Externally Managed,7,CPM,Display,Xaxis Display
0063100000elQmgAAE,Swiss:18562-3,"Jan 25, 2016","Jul 3, 2016",576.85,Xaxis Display_XAXIS-XD-UAP-D,Net Cost (Calc Margin),MediaTrader,012i0000001EB0xAAG,52439,129.9319,Externally Managed,11,CPM,Display,Xaxis Display
0063100000elQmgAAE,Swiss:18312-2,"Jan 25, 2016","Jul 3, 2016",280.1,Xaxis Display_XAXIS-XD-UAP-F,Net Cost (Calc Margin),MediaTrader,012i0000001EB0xAAG,40011,78.48794,Externally Managed,7,CPM,Display,Xaxis Display
0063100000elQmgAAE,Swiss:18312-4,"Jan 25, 2016","Jul 3, 2016",457.7,Xaxis Display_XAXIS-XD-UAP-F,Net Cost (Calc Margin),MediaTrader,012i0000001EB0xAAG,41608,128.2539,Externally Managed,11,CPM,Display,Xaxis Display
0063100000elQnHAAU,Swiss:19777-1,"Jan 25, 2016","Aug 31, 2016",551.3,Xaxis Display_XAXIS-XD-UAP-D,Net Cost (Calc Margin),MediaTrader,012i0000001EB0xAAG,50119,266.79,Externally Managed,11,CPM,Display,Xaxis Display
0063100000elQo7AAE,Swiss:19778-1,"Aug 29, 2016","Dec 31, 2016",566.85,Xaxis Display_XAXIS-XD-UAP-D,Net Cost (Calc Margin),MediaTrader,012i0000001EB0xAAG,70856,274.31,Externally Managed,8,CPM,Display,Xaxis Display
0063100000elQo7AAE,Swiss:19778-4,"Aug 29, 2016","Dec 31, 2016",194.8,Xaxis Display_XAXIS-XD-UAP-F,Net Cost (Calc Margin),MediaTrader,012i0000001EB0xAAG,16235,94.27,Externally Managed,12,CPM,Display,Xaxis Display
0063100000elQo7AAE,Swiss:19778-3,"Aug 29, 2016","Dec 31, 2016",633.85,Xaxis Display_XAXIS-XD-UAP-D,Net Cost (Calc Margin),MediaTrader,012i0000001EB0xAAG,52821,306.73,Externally Managed,12,CPM,Display,Xaxis Display
0063100000elQo7AAE,Swiss:19778-2,"Aug 29, 2016","Dec 31, 2016",248.15,Xaxis Display_XAXIS-XD-UAP-F,Net Cost (Calc Margin),MediaTrader,012i0000001EB0xAAG,31018,120.08,Externally Managed,8,CPM,Display,Xaxis Display
0063100000elQjoAAE,Swiss:17838-5,"Jan 17, 2016","Dec 28, 2016",4000,Xaxis Display_XAXIS-XD-UAP-F,Net Cost (Calc Margin),MediaTrader,012i0000001EB0xAAG,571429,1240,Externally Managed,7,CPM,Display,Xaxis Display
0063100000elQjoAAE,Swiss:17838-4,"Jan 17, 2016","Dec 28, 2016",8000,Xaxis Display_XAXIS-XD-UAP-D,Net Cost (Calc Margin),MediaTrader,012i0000001EB0xAAG,1142857,2480,Externally Managed,7,CPM,Display,Xaxis Display
0063100000elQjoAAE,Swiss:17838-2,"Jan 17, 2016","Dec 28, 2016",3000,Xaxis Display_XAXIS-XD-UAP-F,Net Cost (Calc Margin),MediaTrader,012i0000001EB0xAAG,272727,930,Externally Managed,11,CPM,Display,Xaxis Display
0063100000elQjoAAE,Swiss:17838-1,"Jan 17, 2016","Dec 28, 2016",5000,Xaxis Display_XAXIS-XD-UAP-D,Net Cost (Calc Margin),MediaTrader,012i0000001EB0xAAG,454545,1550,Externally Managed,11,CPM,Display,Xaxis Display
0063100000elQnTAAU,Swiss:19517-3,"Aug 29, 2016","Sep 25, 2016",126.75,Xaxis Premium_XAXIS-XP-UAP-D,Net Cost (Calc Margin),MediaTrader,012i0000001EB0xAAG,10562,51.74,Externally Managed,12,CPM,Display,Xaxis Premium
0063100000elQnTAAU,Swiss:19779-4,"Aug 29, 2016","Sep 25, 2016",1229.3,Xaxis Premium_XAXIS-XP-UAP-F,Net Cost (Calc Margin),MediaTrader,012i0000001EB0xAAG,102441,594.88,Externally Managed,12,CPM,Display,Xaxis Premium
0063100000elQnTAAU,Swiss:19517-1,"Aug 29, 2016","Sep 25, 2016",301.7,Xaxis Premium_XAXIS-XP-UAP-D,Net Cost (Calc Margin),MediaTrader,012i0000001EB0xAAG,37712,123.15,Externally Managed,8,CPM,Display,Xaxis Premium
0063100000elQnTAAU,Swiss:19779-3,"Aug 29, 2016","Sep 25, 2016",3623.25,Xaxis Premium_XAXIS-XP-UAP-D,Net Cost (Calc Margin),MediaTrader,012i0000001EB0xAAG,301938,1753.37,Externally Managed,12,CPM,Display,Xaxis Premium
0063100000elQnTAAU,Swiss:19517-2,"Aug 29, 2016","Sep 25, 2016",107.1,Xaxis Premium_XAXIS-XP-UAP-F,Net Cost (Calc Margin),MediaTrader,012i0000001EB0xAAG,13388,43.72,Externally Managed,8,CPM,Display,Xaxis Premium
0063100000elQnTAAU,Swiss:19517-4,"Aug 29, 2016","Sep 25, 2016",20.7,Xaxis Premium_XAXIS-XP-UAP-F,Net Cost (Calc Margin),MediaTrader,012i0000001EB0xAAG,1726,8.45,Externally Managed,11.99,CPM,Display,Xaxis Premium
0063100000elQnTAAU,Swiss:19779-2,"Aug 29, 2016","Sep 25, 2016",1142.9,Xaxis Premium_XAXIS-XP-UAP-F,Net Cost (Calc Margin),MediaTrader,012i0000001EB0xAAG,142862,553.07,Externally Managed,8,CPM,Display,Xaxis Premium
0063100000elQnTAAU,Swiss:19779-1,"Aug 29, 2016","Sep 25, 2016",3448.3,Xaxis Premium_XAXIS-XP-UAP-D,Net Cost (Calc Margin),MediaTrader,012i0000001EB0xAAG,431038,1668.7,Externally Managed,8,CPM,Display,Xaxis Premium
0063100000elQlrAAE,Swiss:18563-3,"Apr 19, 2016","May 8, 2016",1258.8,Xaxis Premium_XAXIS-XP-WB-I,Net Cost (Calc Margin),MediaTrader,012i0000001EB0xAAG,52450,623.1925,Externally Managed,24,CPM,Display,Xaxis Premium
0063100000elQlrAAE,Swiss:18563-2,"Apr 19, 2016","May 8, 2016",2483.6,Xaxis Premium_XAXIS-XP-WB-F,Net Cost (Calc Margin),MediaTrader,012i0000001EB0xAAG,103483,1229.553,Externally Managed,24,CPM,Display,Xaxis Premium
0063100000elQlrAAE,Swiss:18563-5,"Apr 19, 2016","May 8, 2016",1994,Xaxis Mobile_XAXIS-XM-MRT-F,Net Cost (Calc Margin),MediaTrader,012i0000001EB0xAAG,76692,618.14,Externally Managed,26,CPM,Mobile,Xaxis Mobile
0063100000elQlrAAE,Swiss:18563-1,"Apr 19, 2016","May 8, 2016",6887,Xaxis Premium_XAXIS-XP-WB-D,Net Cost (Calc Margin),MediaTrader,012i0000001EB0xAAG,286958,3409.538,Externally Managed,24,CPM,Display,Xaxis Premium
0063100000elQlrAAE,Swiss:18804-3,"Apr 19, 2016","May 8, 2016",758.2,Xaxis Premium_XAXIS-XP-WB-I,Net Cost (Calc Margin),MediaTrader,012i0000001EB0xAAG,31592,316.9462,Externally Managed,24,CPM,Display,Xaxis Premium
0063100000elQlrAAE,Swiss:18563-4,"Apr 19, 2016","May 8, 2016",7133.4,Xaxis Mobile_XAXIS-XM-MRT-D,Net Cost (Calc Margin),MediaTrader,012i0000001EB0xAAG,274361,2211.354,Externally Managed,26,CPM,Mobile,Xaxis Mobile
0063100000elQlrAAE,Swiss:18563-6,"Apr 19, 2016","May 8, 2016",814.8,Xaxis Mobile_XAXIS-XM-MRT-I,Net Cost (Calc Margin),MediaTrader,012i0000001EB0xAAG,31338,252.588,Externally Managed,26,CPM,Mobile,Xaxis Mobile
0063100000elQlrAAE,Swiss:18804-6,"Apr 19, 2016","May 8, 2016",666.75,Xaxis Mobile_XAXIS-XM-MRT-I,Net Cost (Calc Margin),MediaTrader,012i0000001EB0xAAG,25645,206.6925,Externally Managed,26,CPM,Mobile,Xaxis Mobile
0063100000elQlrAAE,Swiss:18804-4,"Apr 19, 2016","May 8, 2016",2756.3,Xaxis Mobile_XAXIS-XM-MRT-D,Net Cost (Calc Margin),MediaTrader,012i0000001EB0xAAG,106012,854.453,Externally Managed,26,CPM,Mobile,Xaxis Mobile
0063100000elQlrAAE,Swiss:18804-1,"Apr 19, 2016","May 8, 2016",6214.8,Xaxis Premium_XAXIS-XP-WB-D,Net Cost (Calc Margin),MediaTrader,012i0000001EB0xAAG,258950,2597.939,Externally Managed,24,CPM,Display,Xaxis Premium
0063100000elQlrAAE,Swiss:18804-5,"Apr 19, 2016","May 8, 2016",896,Xaxis Mobile_XAXIS-XM-MRT-F,Net Cost (Calc Margin),MediaTrader,012i0000001EB0xAAG,34462,277.76,Externally Managed,26,CPM,Mobile,Xaxis Mobile
0063100000elQlrAAE,Swiss:18804-2,"Apr 19, 2016","May 8, 2016",3617.95,Xaxis Premium_XAXIS-XP-WB-F,Net Cost (Calc Margin),MediaTrader,012i0000001EB0xAAG,150747,1512.392,Externally Managed,24,CPM,Display,Xaxis Premium
0063100000elQk1AAE,Swiss:17840-4,"Jan 18, 2016","Jan 31, 2016",9000,Xaxis Mobile_XAXIS-XM-MRT-D,Net Cost (Calc Margin),MediaTrader,012i0000001EB0xAAG,409090,4680,Externally Managed,22,CPM,Mobile,Xaxis Mobile
0063100000elQk1AAE,Swiss:17840-6,"Jan 18, 2016","Jan 31, 2016",3400,Xaxis Mobile_XAXIS-XM-MRT-I,Net Cost (Calc Margin),MediaTrader,012i0000001EB0xAAG,154545,1768,Externally Managed,22,CPM,Mobile,Xaxis Mobile
0063100000elQk1AAE,Swiss:17840-5,"Jan 18, 2016","Jan 31, 2016",6600,Xaxis Mobile_XAXIS-XM-MRT-F,Net Cost (Calc Margin),MediaTrader,012i0000001EB0xAAG,300000,3432,Externally Managed,22,CPM,Mobile,Xaxis Mobile
0063100000elQk1AAE,Swiss:17840-3,"Jan 18, 2016","Jan 31, 2016",2000,Xaxis Premium_XAXIS-XP-WB-I,Net Cost (Calc Margin),MediaTrader,012i0000001EB0xAAG,83333,1120,Externally Managed,24,CPM,Display,Xaxis Premium
0063100000elQk1AAE,Swiss:17840-1,"Jan 18, 2016","Jan 31, 2016",12000,Xaxis Premium_XAXIS-XP-WB-D,Net Cost (Calc Margin),MediaTrader,012i0000001EB0xAAG,500000,6720,Externally Managed,24,CPM,Display,Xaxis Premium
0063100000elQk1AAE,Swiss:17840-2,"Jan 18, 2016","Jan 31, 2016",5000,Xaxis Premium_XAXIS-XP-WB-F,Net Cost (Calc Margin),MediaTrader,012i0000001EB0xAAG,208333,2800,Externally Managed,24,CPM,Display,Xaxis Premium
0063100000elQmRAAU,Swiss:19102-2,"Jun 13, 2016","Jun 26, 2016",6000,Xaxis Premium_XAXIS-XP-WB-F,Net Cost (Calc Margin),MediaTrader,012i0000001EB0xAAG,300000,3187.124,Externally Managed,20,CPM,Display,Xaxis Premium
0063100000elQmRAAU,Swiss:19102-6,"Jun 13, 2016","Jun 26, 2016",1000,Xaxis Mobile_XAXIS-XM-RICH-I,Net Cost (Calc Margin),MediaTrader,012i0000001EB0xAAG,31250,680,Externally Managed,32,CPM,Mobile,Xaxis Mobile
0063100000elQmRAAU,Swiss:19102-1,"Jun 13, 2016","Jun 26, 2016",15000,Xaxis Premium_XAXIS-XP-WB-D,Net Cost (Calc Margin),MediaTrader,012i0000001EB0xAAG,750000,7967.81,Externally Managed,20,CPM,Display,Xaxis Premium
0063100000elQmRAAU,Swiss:19102-5,"Jun 13, 2016","Jun 26, 2016",4000,Xaxis Mobile_XAXIS-XM-RICH-F,Net Cost (Calc Margin),MediaTrader,012i0000001EB0xAAG,125000,2720,Externally Managed,32,CPM,Mobile,Xaxis Mobile
0063100000elQmRAAU,Swiss:19102-4,"Jun 13, 2016","Jun 26, 2016",9000,Xaxis Mobile_XAXIS-XM-RICH-D,Net Cost (Calc Margin),MediaTrader,012i0000001EB0xAAG,281250,6120,Externally Managed,32,CPM,Mobile,Xaxis Mobile
0063100000elQmRAAU,Swiss:19102-3,"Jun 13, 2016","Jun 26, 2016",2000,Xaxis Premium_XAXIS-XP-WB-I,Net Cost (Calc Margin),MediaTrader,012i0000001EB0xAAG,100000,1062.375,Externally Managed,20,CPM,Display,Xaxis Premium
0063100000elQnZAAU,Swiss:19518-6,"Jun 27, 2016","Oct 2, 2016",1477.65,Xaxis TV_XAXIS-XT-ROLLS-I,Net Cost (Calc Margin),MediaTrader,012i0000001EB0xAAG,42218,865.39,Externally Managed,35,CPM,Video,Xaxis TV
0063100000elQnZAAU,Swiss:19781-1,"Jun 27, 2016","Oct 2, 2016",6246.35,Xaxis TV_XAXIS-XT-ROLLS-D,Net Cost (Calc Margin),MediaTrader,012i0000001EB0xAAG,178467,3148.6,Externally Managed,35,CPM,Video,Xaxis TV
0063100000elQnZAAU,Swiss:19781-3,"Jun 27, 2016","Oct 2, 2016",684.2,Xaxis TV_XAXIS-XT-ROLLS-I,Net Cost (Calc Margin),MediaTrader,012i0000001EB0xAAG,19549,344.89,Externally Managed,35,CPM,Video,Xaxis TV
0063100000elQnZAAU,Swiss:19518-5,"Jun 27, 2016","Oct 2, 2016",2477.1,Xaxis TV_XAXIS-XT-ROLLS-F,Net Cost (Calc Margin),MediaTrader,012i0000001EB0xAAG,70774,1450.71,Externally Managed,35,CPM,Video,Xaxis TV
0063100000elQnZAAU,Swiss:19304-4,"Jun 27, 2016","Oct 2, 2016",821.15,Xaxis TV_XAXIS-XT-ROLLS-D,Net Cost (Calc Margin),MediaTrader,012i0000001EB0xAAG,23462,451.6325,Externally Managed,35,CPM,Video,Xaxis TV
0063100000elQnZAAU,Swiss:19304-3,"Jun 27, 2016","Oct 2, 2016",1222.1,Xaxis TV_XAXIS-XT-ROLLS-I,Net Cost (Calc Margin),MediaTrader,012i0000001EB0xAAG,42141,672.155,Externally Managed,29,CPM,Video,Xaxis TV
0063100000elQnZAAU,Swiss:19304-2,"Jun 27, 2016","Oct 2, 2016",4475.3,Xaxis TV_XAXIS-XT-ROLLS-F,Net Cost (Calc Margin),MediaTrader,012i0000001EB0xAAG,154320,2461.415,Externally Managed,29,CPM,Video,Xaxis TV
0063100000elQnZAAU,Swiss:19304-5,"Jun 27, 2016","Oct 2, 2016",314.75,Xaxis TV_XAXIS-XT-ROLLS-F,Net Cost (Calc Margin),MediaTrader,012i0000001EB0xAAG,8993,173.1125,Externally Managed,35,CPM,Video,Xaxis TV
0063100000elQnZAAU,Swiss:19518-4,"Jun 27, 2016","Oct 2, 2016",7199.35,Xaxis TV_XAXIS-XT-ROLLS-D,Net Cost (Calc Margin),MediaTrader,012i0000001EB0xAAG,205695,4216.3,Externally Managed,35,CPM,Video,Xaxis TV
0063100000elQnZAAU,Swiss:19304-6,"Jun 27, 2016","Oct 2, 2016",33.05,Xaxis TV_XAXIS-XT-ROLLS-I,Net Cost (Calc Margin),MediaTrader,012i0000001EB0xAAG,944,18.1775,Externally Managed,35.01,CPM,Video,Xaxis TV
0063100000elQnZAAU,Swiss:19304-1,"Jun 27, 2016","Oct 2, 2016",18527.3,Xaxis TV_XAXIS-XT-ROLLS-D,Net Cost (Calc Margin),MediaTrader,012i0000001EB0xAAG,638872,10190.01,Externally Managed,29,CPM,Video,Xaxis TV
0063100000elQnZAAU,Swiss:19781-2,"Jun 27, 2016","Oct 2, 2016",2695.4,Xaxis TV_XAXIS-XT-ROLLS-F,Net Cost (Calc Margin),MediaTrader,012i0000001EB0xAAG,77012,1358.67,Externally Managed,35,CPM,Video,Xaxis TV
0063100000elQmNAAU,Swiss:19101-1,"Jun 17, 2016","Jun 22, 2016",31000,Xaxis Masthead_XAXIS-MH-RICH MEDIA,Net Cost (Calc Margin),MediaTrader,012i0000001EB0xAAG,2,27705.33,Externally Managed,"15,500",CPP,Display,Xaxis Masthead
0063100000elQjkAAE,Swiss:17841-2,"Jan 8, 2016","Dec 16, 2016",95.15,Xaxis Premium_XAXIS-XP-HP-F,Net Cost (Calc Margin),MediaTrader,012i0000001EB0xAAG,5009,40.9145,Externally Managed,19,CPM,Display,Xaxis Premium
0063100000elQjkAAE,Swiss:17841-1,"Jan 8, 2016","Dec 16, 2016",561.4,Xaxis Premium_XAXIS-XP-HP-D,Net Cost (Calc Margin),MediaTrader,012i0000001EB0xAAG,29547,241.402,Externally Managed,19,CPM,Display,Xaxis Premium
0063100000elQkVAAU,Swiss:18313-1,"Feb 17, 2016","Mar 3, 2016",559.85,Xaxis Premium_XAXIS-XP-HP-D,Net Cost (Calc Margin),MediaTrader,012i0000001EB0xAAG,29467,211.1093,Externally Managed,19,CPM,Display,Xaxis Premium
0063100000elQkVAAU,Swiss:18105-4,"Feb 17, 2016","Mar 3, 2016",647.85,Xaxis Premium_XAXIS-XP-HP-F,Net Cost (Calc Margin),MediaTrader,012i0000001EB0xAAG,28167,234.1421,Externally Managed,23,CPM,Display,Xaxis Premium
0063100000elQkVAAU,Swiss:18105-1,"Feb 17, 2016","Mar 3, 2016",2440.15,Xaxis Premium_XAXIS-XP-HP-D,Net Cost (Calc Margin),MediaTrader,012i0000001EB0xAAG,128428,881.9045,Externally Managed,19,CPM,Display,Xaxis Premium
0063100000elQkVAAU,Swiss:18313-3,"Feb 17, 2016","Mar 3, 2016",507.55,Xaxis Premium_XAXIS-XP-HP-D,Net Cost (Calc Margin),MediaTrader,012i0000001EB0xAAG,22068,191.3879,Externally Managed,23,CPM,Display,Xaxis Premium
0063100000elQkVAAU,Swiss:18105-2,"Feb 17, 2016","Mar 3, 2016",1267.45,Xaxis Premium_XAXIS-XP-HP-F,Net Cost (Calc Margin),MediaTrader,012i0000001EB0xAAG,66709,458.0742,Externally Managed,19,CPM,Display,Xaxis Premium
0063100000elQkVAAU,Swiss:18105-3,"Feb 17, 2016","Mar 3, 2016",1492.45,Xaxis Premium_XAXIS-XP-HP-D,Net Cost (Calc Margin),MediaTrader,012i0000001EB0xAAG,64889,539.3924,Externally Managed,23,CPM,Display,Xaxis Premium
0063100000elQkVAAU,Swiss:18313-4,"Feb 17, 2016","Mar 3, 2016",352.15,Xaxis Premium_XAXIS-XP-HP-F,Net Cost (Calc Margin),MediaTrader,012i0000001EB0xAAG,15311,132.7894,Externally Managed,23,CPM,Display,Xaxis Premium
0063100000elQkVAAU,Swiss:18313-2,"Feb 17, 2016","Mar 3, 2016",232.5,Xaxis Premium_XAXIS-XP-HP-F,Net Cost (Calc Margin),MediaTrader,012i0000001EB0xAAG,12238,87.67156,Externally Managed,19,CPM,Display,Xaxis Premium
0063100000elQksAAE,Swiss:18314-4,"Mar 3, 2016","Mar 20, 2016",2000,Xaxis Premium_XAXIS-XP-WB-F,Net Cost (Calc Margin),MediaTrader,012i0000001EB0xAAG,71429,810.9179,Externally Managed,28,CPM,Display,Xaxis Premium
0063100000elQksAAE,Swiss:18314-2,"Mar 3, 2016","Mar 20, 2016",2350,Xaxis Premium_XAXIS-XP-HP-F,Net Cost (Calc Margin),MediaTrader,012i0000001EB0xAAG,123684,886.1426,Externally Managed,19,CPM,Display,Xaxis Premium
0063100000elQksAAE,Swiss:18314-3,"Mar 3, 2016","Mar 20, 2016",4100,Xaxis Premium_XAXIS-XP-WB-D,Net Cost (Calc Margin),MediaTrader,012i0000001EB0xAAG,146428,1662.382,Externally Managed,28,CPM,Display,Xaxis Premium
0063100000elQksAAE,Swiss:18314-1,"Mar 3, 2016","Mar 20, 2016",4100,Xaxis Premium_XAXIS-XP-HP-D,Net Cost (Calc Margin),MediaTrader,012i0000001EB0xAAG,215789,1546.036,Externally Managed,19,CPM,Display,Xaxis Premium
0063100000elQkHAAU,Swiss:18106-1,"Jan 11, 2016","Feb 21, 2016",4586.85,Xaxis Premium_XAXIS-XP-WB-D,Net Cost (Calc Margin),MediaTrader,012i0000001EB0xAAG,191119,1806.902,Externally Managed,24,CPM,Display,Xaxis Premium
0063100000elQkHAAU,Swiss:17842-3,"Jan 11, 2016","Feb 21, 2016",415.2,Xaxis Premium_XAXIS-XP-WB-I,Net Cost (Calc Margin),MediaTrader,012i0000001EB0xAAG,17299,232.512,Externally Managed,24,CPM,Display,Xaxis Premium
0063100000elQkHAAU,Swiss:18106-3,"Jan 11, 2016","Feb 21, 2016",484.8,Xaxis Premium_XAXIS-XP-WB-I,Net Cost (Calc Margin),MediaTrader,012i0000001EB0xAAG,20201,190.9778,Externally Managed,24,CPM,Display,Xaxis Premium
0063100000elQkHAAU,Swiss:18106-2,"Jan 11, 2016","Feb 21, 2016",2674.9,Xaxis Premium_XAXIS-XP-WB-F,Net Cost (Calc Margin),MediaTrader,012i0000001EB0xAAG,111454,1053.726,Externally Managed,24,CPM,Display,Xaxis Premium
0063100000elQkHAAU,Swiss:18106-4,"Jan 11, 2016","Feb 21, 2016",6130.4,Xaxis TV_XAXIS-XT-ROLLS-D,Net Cost (Calc Margin),MediaTrader,012i0000001EB0xAAG,211393,2758.68,Externally Managed,29,CPM,Video,Xaxis TV
0063100000elQkHAAU,Swiss:17842-6,"Jan 11, 2016","Feb 21, 2016",670.55,Xaxis TV_XAXIS-XT-ROLLS-I,Net Cost (Calc Margin),MediaTrader,012i0000001EB0xAAG,23123,409.0355,Externally Managed,29,CPM,Video,Xaxis TV
0063100000elQkHAAU,Swiss:17842-1,"Jan 11, 2016","Feb 21, 2016",8013.15,Xaxis Premium_XAXIS-XP-WB-D,Net Cost (Calc Margin),MediaTrader,012i0000001EB0xAAG,333881,4487.364,Externally Managed,24,CPM,Display,Xaxis Premium
0063100000elQkHAAU,Swiss:17842-2,"Jan 11, 2016","Feb 21, 2016",1825.1,Xaxis Premium_XAXIS-XP-WB-F,Net Cost (Calc Margin),MediaTrader,012i0000001EB0xAAG,76046,1022.056,Externally Managed,24,CPM,Display,Xaxis Premium
0063100000elQkHAAU,Swiss:17842-4,"Jan 11, 2016","Feb 21, 2016",6469.45,Xaxis TV_XAXIS-XT-ROLLS-D,Net Cost (Calc Margin),MediaTrader,012i0000001EB0xAAG,223084,3946.365,Externally Managed,29,CPM,Video,Xaxis TV
0063100000elQkHAAU,Swiss:17842-5,"Jan 11, 2016","Feb 21, 2016",1691.75,Xaxis TV_XAXIS-XT-ROLLS-F,Net Cost (Calc Margin),MediaTrader,012i0000001EB0xAAG,58337,1031.967,Externally Managed,29,CPM,Video,Xaxis TV
0063100000elQkHAAU,Swiss:18106-5,"Jan 11, 2016","Feb 21, 2016",2808.05,Xaxis TV_XAXIS-XT-ROLLS-F,Net Cost (Calc Margin),MediaTrader,012i0000001EB0xAAG,96829,1263.622,Externally Managed,29,CPM,Video,Xaxis TV
0063100000elQkHAAU,Swiss:18106-6,"Jan 11, 2016","Feb 21, 2016",229.25,Xaxis TV_XAXIS-XT-ROLLS-I,Net Cost (Calc Margin),MediaTrader,012i0000001EB0xAAG,7905,103.1625,Externally Managed,29,CPM,Video,Xaxis TV
0063100000elQmDAAU,Swiss:19103-1,"Apr 20, 2016","Jun 5, 2016",1631.2,Xaxis Mobile_XAXIS-XM-RICH-D,Net Cost (Calc Margin),MediaTrader,012i0000001EB0xAAG,45311,1109.216,Externally Managed,36,CPM,Mobile,Xaxis Mobile
0063100000elQmDAAU,Swiss:18806-11,"Apr 20, 2016","Jun 5, 2016",1050.6,Xaxis Premium_XAXIS-XP-HP-F,Net Cost (Calc Margin),MediaTrader,012i0000001EB0xAAG,55295,452.2948,Externally Managed,19,CPM,Display,Xaxis Premium
0063100000elQmDAAU,Swiss:18806-5,"Apr 20, 2016","Jun 5, 2016",5958.3,Xaxis TV_XAXIS-XT-ROLLS-F,Net Cost (Calc Margin),MediaTrader,012i0000001EB0xAAG,205458,2919.567,Externally Managed,29,CPM,Video,Xaxis TV
0063100000elQmDAAU,Swiss:18564-4,"Apr 20, 2016","Jun 5, 2016",916.8,Xaxis TV_XAXIS-XT-ROLLS-D,Net Cost (Calc Margin),MediaTrader,012i0000001EB0xAAG,31614,476.736,Externally Managed,29,CPM,Video,Xaxis TV
0063100000elQmDAAU,Swiss:18564-8,"Apr 20, 2016","Jun 5, 2016",111.2,Xaxis Premium_XAXIS-XP-WB-F,Net Cost (Calc Margin),MediaTrader,012i0000001EB0xAAG,4634,55.05164,Externally Managed,24,CPM,Display,Xaxis Premium
0063100000elQmDAAU,Swiss:18564-6,"Apr 20, 2016","Jun 5, 2016",58.85,Xaxis TV_XAXIS-XT-ROLLS-I,Net Cost (Calc Margin),MediaTrader,012i0000001EB0xAAG,2029,30.602,Externally Managed,29,CPM,Video,Xaxis TV
0063100000elQmDAAU,Swiss:19103-7,"Apr 20, 2016","Jun 5, 2016",83.45,Xaxis Premium_XAXIS-XP-HP-F,Net Cost (Calc Margin),MediaTrader,012i0000001EB0xAAG,4392,42.6607,Externally Managed,19,CPM,Display,Xaxis Premium
0063100000elQmDAAU,Swiss:19103-2,"Apr 20, 2016","Jun 5, 2016",95.85,Xaxis Mobile_XAXIS-XM-RICH-I,Net Cost (Calc Margin),MediaTrader,012i0000001EB0xAAG,2663,65.178,Externally Managed,35.99,CPM,Mobile,Xaxis Mobile
0063100000elQmDAAU,Swiss:18806-7,"Apr 20, 2016","Jun 5, 2016",9688.1,Xaxis Premium_XAXIS-XP-WB-D,Net Cost (Calc Margin),MediaTrader,012i0000001EB0xAAG,403670,4049.863,Externally Managed,24,CPM,Display,Xaxis Premium
0063100000elQmDAAU,Swiss:18806-4,"Apr 20, 2016","Jun 5, 2016",21267.8,Xaxis TV_XAXIS-XT-ROLLS-D,Net Cost (Calc Margin),MediaTrader,012i0000001EB0xAAG,733373,10421.22,Externally Managed,29,CPM,Video,Xaxis TV
0063100000elQmDAAU,Swiss:19103-4,"Apr 20, 2016","Jun 5, 2016",77.25,Xaxis TV_XAXIS-XT-ROLLS-F,Net Cost (Calc Margin),MediaTrader,012i0000001EB0xAAG,2663,42.4875,Externally Managed,29.01,CPM,Video,Xaxis TV
0063100000elQmDAAU,Swiss:18564-7,"Apr 20, 2016","Jun 5, 2016",391.9,Xaxis Premium_XAXIS-XP-WB-D,Net Cost (Calc Margin),MediaTrader,012i0000001EB0xAAG,16330,194.0174,Externally Managed,24,CPM,Display,Xaxis Premium
0063100000elQmDAAU,Swiss:18806-10,"Apr 20, 2016","Jun 5, 2016",3550.45,Xaxis Premium_XAXIS-XP-HP-D,Net Cost (Calc Margin),MediaTrader,012i0000001EB0xAAG,186865,1528.508,Externally Managed,19,CPM,Display,Xaxis Premium
0063100000elQmDAAU,Swiss:18806-12,"Apr 20, 2016","Jun 5, 2016",276,Xaxis Premium_XAXIS-XP-HP-I,Net Cost (Calc Margin),MediaTrader,012i0000001EB0xAAG,14525,118.821,Externally Managed,19,CPM,Display,Xaxis Premium
0063100000elQmDAAU,Swiss:18806-9,"Apr 20, 2016","Jun 5, 2016",740.1,Xaxis Premium_XAXIS-XP-WB-I,Net Cost (Calc Margin),MediaTrader,012i0000001EB0xAAG,30837,309.38,Externally Managed,24,CPM,Display,Xaxis Premium
0063100000elQmDAAU,Swiss:18564-9,"Apr 20, 2016","Jun 5, 2016",9.9,Xaxis Premium_XAXIS-XP-WB-I,Net Cost (Calc Margin),MediaTrader,012i0000001EB0xAAG,413,4.90118,Externally Managed,23.97,CPM,Display,Xaxis Premium
0063100000elQmDAAU,Swiss:18806-8,"Apr 20, 2016","Jun 5, 2016",2252,Xaxis Premium_XAXIS-XP-WB-F,Net Cost (Calc Margin),MediaTrader,012i0000001EB0xAAG,93834,941.3912,Externally Managed,24,CPM,Display,Xaxis Premium
0063100000elQmDAAU,Swiss:18806-1,"Apr 20, 2016","Jun 5, 2016",10392.25,Xaxis Mobile_XAXIS-XM-RICH-D,Net Cost (Calc Margin),MediaTrader,012i0000001EB0xAAG,288673,6339.273,Externally Managed,36,CPM,Mobile,Xaxis Mobile
0063100000elQmDAAU,Swiss:18564-2,"Apr 20, 2016","Jun 5, 2016",216.25,Xaxis Mobile_XAXIS-XM-RICH-F,Net Cost (Calc Margin),MediaTrader,012i0000001EB0xAAG,6007,123.2625,Externally Managed,36,CPM,Mobile,Xaxis Mobile
